Starting OrangeFox Recovery R11.3 [default, core: R11.3] (built on Tue Apr  8 16:55:35 2025 for P661N [dev_ver: 2025-04-08 (2d91f842)]; pid 314)
I:=> product model: 'Itel P55 5G'
I:=> using device id: 'Itel_P55_5G'
I:TW_NO_HAPTICS := true
RECOVERY_SDCARD_ON_DATA := true
TW_NO_USB_STORAGE := true
TW_INCLUDE_FASTBOOTD := true
PRODUCT_USE_DYNAMIC_PARTITIONS := true
TW_INCLUDE_CRYPTO := true
I:TW_BRIGHTNESS_PATH := /sys/class/leds/lcd-backlight/brightness
I:Found brightness file at '/sys/class/leds/lcd-backlight/brightness'
I:TWFunc::Set_Brightness: Setting brightness control to 600
I:TW_EXCLUDE_ENCRYPTED_BACKUPS := true
I:LANG: en
I:AB_OTA_UPDATER := true
boot command: boot-recovery
I:Startup Commands: 
=> Linking mtab
=> Processing /etc/recovery.fstab
I:Reading /etc/twrp.flags
I:Reading /etc/recovery.fstab
I:Processing '/metadata'
I:Processing '/data'
I:FBE contents 'aes-256-xts', filenames 'aes-256-cts:v2+inlinecrypt_optimized'
I:setting Key_Directory to: /metadata/vold/metadata_encryption
I:Processing '/misc'
I:Processing '/cache'
I:Created '/cache' folder.
I:Processing '/system'
I:Created '/system_root' folder.
I:Unhandled flag: 'avb_keys=/avb/q-gsi.avbpubkey:/avb/r-gsi.avbpubkey:/avb/s-gsi.avbpubkey'
I:Trying to prepare system from super partition
I:Symlinking /dev/block/dm-3 => /dev/block/bootdevice/by-name/system 
I:Symlinking /dev/block/dm-3 => /dev/block/by-name/system 
I:Processing '/vendor'
I:Trying to prepare vendor from super partition
I:Symlinking /dev/block/dm-5 => /dev/block/bootdevice/by-name/vendor 
I:Symlinking /dev/block/dm-5 => /dev/block/by-name/vendor 
I:Processing '/product'
I:Trying to prepare product from super partition
I:Symlinking /dev/block/dm-2 => /dev/block/bootdevice/by-name/product 
I:Symlinking /dev/block/dm-2 => /dev/block/by-name/product 
I:Processing '/system_ext'
I:Unhandled flag: 'avb_keys=/avb/q-gsi.avbpubkey:/avb/r-gsi.avbpubkey:/avb/s-gsi.avbpubkey'
I:Trying to prepare system_ext from super partition
I:Symlinking /dev/block/dm-4 => /dev/block/bootdevice/by-name/system_ext 
I:Symlinking /dev/block/dm-4 => /dev/block/by-name/system_ext 
I:Found an additional entry for '/system'
I:Processing '/system'
I:Found an additional entry for '/vendor'
I:Processing '/vendor'
I:Found an additional entry for '/product'
I:Processing '/product'
I:Found an additional entry for '/system_ext'
I:Processing '/system_ext'
I:Processing '/tr_mi'
I:Created '/tr_mi' folder.
I:Unhandled flag: 'avb_keys=/vendor/etc/tran_avb.pubkey'
I:Unhandled flag: 'nofail'
I:Trying to prepare tr_mi from super partition
I:Symlinking /dev/block/dm-7 => /dev/block/bootdevice/by-name/tr_mi 
I:Symlinking /dev/block/dm-7 => /dev/block/by-name/tr_mi 
I:Processing '/tr_theme'
I:Created '/tr_theme' folder.
I:Unhandled flag: 'avb_keys=/vendor/etc/tran_avb.pubkey'
I:Unhandled flag: 'nofail'
I:Trying to prepare tr_theme from super partition
I:Symlinking /dev/block/dm-8 => /dev/block/bootdevice/by-name/tr_theme 
I:Symlinking /dev/block/dm-8 => /dev/block/by-name/tr_theme 
I:Processing '/tr_region'
I:Created '/tr_region' folder.
I:Unhandled flag: 'avb_keys=/vendor/etc/tran_avb.pubkey'
I:Unhandled flag: 'nofail'
I:Trying to prepare tr_region from super partition
I:Symlinking /dev/block/dm-10 => /dev/block/bootdevice/by-name/tr_region 
I:Symlinking /dev/block/dm-10 => /dev/block/by-name/tr_region 
I:Processing '/tr_company'
I:Created '/tr_company' folder.
I:Unhandled flag: 'avb_keys=/vendor/etc/tran_avb.pubkey'
I:Unhandled flag: 'nofail'
I:Trying to prepare tr_company from super partition
I:Symlinking /dev/block/dm-11 => /dev/block/bootdevice/by-name/tr_company 
I:Symlinking /dev/block/dm-11 => /dev/block/by-name/tr_company 
I:Processing '/tr_carrier'
I:Created '/tr_carrier' folder.
I:Unhandled flag: 'avb_keys=/vendor/etc/tran_avb.pubkey'
I:Unhandled flag: 'nofail'
I:Trying to prepare tr_carrier from super partition
I:Symlinking /dev/block/dm-12 => /dev/block/bootdevice/by-name/tr_carrier 
I:Symlinking /dev/block/dm-12 => /dev/block/by-name/tr_carrier 
I:Processing '/tr_product'
I:Created '/tr_product' folder.
I:Unhandled flag: 'avb_keys=/vendor/etc/tran_avb.pubkey'
I:Unhandled flag: 'nofail'
I:Trying to prepare tr_product from super partition
I:Symlinking /dev/block/dm-6 => /dev/block/bootdevice/by-name/tr_product 
I:Symlinking /dev/block/dm-6 => /dev/block/by-name/tr_product 
I:Processing '/tr_preload'
I:Created '/tr_preload' folder.
I:Unhandled flag: 'avb_keys=/vendor/etc/tran_avb.pubkey'
I:Unhandled flag: 'nofail'
I:Trying to prepare tr_preload from super partition
I:Symlinking /dev/block/dm-9 => /dev/block/bootdevice/by-name/tr_preload 
I:Symlinking /dev/block/dm-9 => /dev/block/by-name/tr_preload 
I:Found an additional entry for '/tr_mi'
I:Processing '/tr_mi'
I:Found an additional entry for '/tr_theme'
I:Processing '/tr_theme'
I:Found an additional entry for '/tr_region'
I:Processing '/tr_region'
I:Found an additional entry for '/tr_company'
I:Processing '/tr_company'
I:Found an additional entry for '/tr_carrier'
I:Processing '/tr_carrier'
I:Found an additional entry for '/tr_product'
I:Processing '/tr_product'
I:Found an additional entry for '/tr_preload'
I:Processing '/tr_preload'
I:Processing remaining twrp.flags
I:Processing '/boot'
I:Processing '/boot_para'
I:Processing '/dpm'
I:Processing '/dtbo'
I:Processing '/expdb'
I:Processing '/external_sd'
I:Created '/external_sd' folder.
I:Processing '/flashinfo'
I:Processing '/gz'
I:Processing '/init_boot'
I:Processing '/lk'
I:Processing '/lk2'
I:Processing '/logo'
I:Processing '/mcupm'
I:Processing '/md1img'
I:Processing '/nvcfg'
I:Processing '/nvdata'
I:Processing '/nvram'
I:Processing '/otp'
I:Processing '/para'
I:Processing '/persist'
I:Created '/persist' folder.
I:Attempt to load settings from /persist settings file...
I:InfoManager loading from '/persist/.foxs'.
I:TWFunc::Set_Brightness: Setting brightness control to 600
I:PassBak: Found backup
I:Processing '/persistent'
I:Processing '/product_image'
I:Processing '/proinfo'
I:Processing '/protect_f'
I:Processing '/protect_s'
I:Processing '/scp'
I:Processing '/seccfg'
I:Processing '/spmfw'
I:Processing '/sspm'
I:Processing '/system_ext_image'
I:Processing '/system_image'
I:Processing '/tee'
I:Processing '/tkv'
I:Processing '/vbmeta'
I:Processing '/vbmeta_system'
I:Processing '/vbmeta_vendor'
I:Processing '/vendor_boot'
I:Processing '/vendor_image'
I:Attempting to load modules
I:Number of loaded modules: 189
I:Requested modules are already loaded: 0
I:Checking directory: /lib/modules
I:mounting /tmp/lib/modules on /lib/modules
I:Modules Loaded (with dependencies): 0
I:Number of loaded modules: 189
I:Requested modules are already loaded: 0
I:Checking directory: /lib/modules/5.10
I:Unable to open module directory: /lib/modules/5.10. Skipping
I:mounting /tmp/lib/modules/5.10 on /lib/modules/5.10
I:Number of loaded modules: 189
I:Requested modules are already loaded: 0
I:Checking mounted /vendor
I:Checking directory: /vendor/lib/modules
I:mounting /tmp/vendor/lib/modules on /vendor/lib/modules
I:Modules Loaded (with dependencies): 0
I:Number of loaded modules: 189
I:Requested modules are already loaded: 0
I:Checking directory: /vendor/lib/modules/1.1
I:Unable to open module directory: /vendor/lib/modules/1.1. Skipping
I:mounting /tmp/vendor/lib/modules/1.1 on /vendor/lib/modules/1.1
I:Number of loaded modules: 189
I:Requested modules are already loaded: 0
I:Checking prebuilt modules
I:Checking directory: /vendor/lib/modules
I:Unable to open module directory: /vendor/lib/modules. Skipping
I:mounting /tmp/vendor/lib/modules on /vendor/lib/modules
I:Number of loaded modules: 189
I:Requested modules are already loaded: 0
I:Checking directory: /vendor/lib/modules/1.1
I:Unable to open module directory: /vendor/lib/modules/1.1. Skipping
I:mounting /tmp/vendor/lib/modules/1.1 on /vendor/lib/modules/1.1
I:Number of loaded modules: 189
I:Requested modules are already loaded: 0
I:Deleting property 'ro.crypto.dm_default_key.options_format.version'
I:Deleting property 'ro.crypto.volume.metadata.method'
I:Setting 'external_storage.projid.enabled' to '1' from /vendor/build.prop
I:Setting 'external_storage.casefold.enabled' to '1' from /vendor/build.prop
I:Setting 'external_storage.sdcardfs.enabled' to '0' from /vendor/build.prop
I:GetFstabPath: /odm/etc/fstab.mt6833
I:GetFstabPath: /vendor/etc/fstab.mt6833
I:Fstab: /vendor/etc/fstab.mt6833
I:Reading /etc/additional.fstab
I:Processing '/metadata'
I:Unhandled flag: 'first_stage_mount'
I:Processing '/data'
I:Unhandled flag: 'reservedsize=128m'
I:Unhandled flag: 'latemount'
I:Unhandled flag: 'readahead_size_kb=512'
I:Unhandled flag: 'checkpoint=fs'
I:FBE contents 'aes-256-xts', filenames 'aes-256-cts:v2+inlinecrypt_optimized'
I:setting Key_Directory to: /metadata/vold/metadata_encryption
I:Unhandled flag: 'fsverity'
I:Done processing fstab files
I:Property ro.boot.product.vendor.sku not found, trying to get vintf manifest file name from ro.board.platform
I:Separate manifest doesn't exist for 'android.hardware.keymaster'
I:/vendor/etc/vintf/manifest_mt6833.xml not found. Using default path for manifest.xml
I:PageManager::LoadFileToBuffer loading filename: '/vendor/etc/vintf/manifest.xml' directly
I:Looking for 'android.hardware.keymaster' service in manifest
I:Found version in manifest: 4.1
I:Keymaster_Ver::Using keymaster version '4.x' for decryption
Starting the UI...
Skipping adf graphics -- not present in build tree
width: 720, height: 1612
setting DRM_FORMAT_XBGR8888 and GGL_PIXEL_FORMAT_RGBA_8888
setting DRM_FORMAT_XBGR8888 and GGL_PIXEL_FORMAT_RGBA_8888
Could not find obj_id = 34
Could not find obj_id = 46
Atomic Commit succeedUsing drm graphics.
I:TWFunc::Set_Brightness: Setting brightness control to 600
I:Loading package: splash (/twres/splash.xml)
I:Load XML directly
I:PageManager::LoadFileToBuffer loading filename: '/twres/splash.xml' directly
I:Checking resolution...
I:Scaling theme width 0.666667x and height 0.671667x, offsets x: 0 y: 0 w: 0 h: 0
I:Loading resources...
I:Loading variables...
I:Loading mouse cursor...
I:Loading pages...
I:Loading page splash
I:Switching packages (splash)
I:Setting up '/data' as data/media emulated storage.
I:Can't probe device /dev/block/sdc57
I:Unable to mount '/data'
I:Actual block device: '/dev/block/sdc57', current file system: 'f2fs'
I:Can't probe device /dev/block/sdc57
I:Unable to mount '/data'
I:Actual block device: '/dev/block/sdc57', current file system: 'f2fs'
I:Setting up '/data' as data/media emulated storage.
I:Can't probe device /dev/block/sdc57
I:Unable to mount '/data'
I:Actual block device: '/dev/block/sdc57', current file system: 'f2fs'
I:Apex is disabled in this build
I:Backup folder set to '/data/media/Fox/BACKUPS/Itel_P55_5G'
I:Settings storage is '/data/media'
Using additional fstab for decryption /etc/additional.fstab 
I:Successfully decrypted metadata encrypted data partition with new block device: '/dev/block/dm-13'
I:File Based Encryption is present
Attempting to initialize DE keys
SELinux: Loaded file_contexts
Handle is '31fd78b5db458c00'
password type: pattern
I:Android 12+: '/data/system/users/0.xml' has been converted into plain text xml (for user 0).
I:PageManager::LoadFileToBuffer loading filename: '/tmp/converted_xml/0.xml' directly
Handle is '31fd78b5db458c00'
password type: pattern
I:User 0 is not decrypted.
Updating partition details...
I:Data backup size is 13827MB, free: 89970MB.
...done
/super | /dev/block/by-name/super | Size: 0MB
   Flags: Can_Be_Backed_Up IsPresent Can_Flash_Img 
   Alternate_Block_Device: /dev/block/by-name/super
   Display_Name: super
   Backup_Path: /super
   Backup_Name: super
   Backup_Display_Name: Super (system vendor product system_ext)
   Current_File_System: emmc
   Backup_Method: dd

I:Unmounting main partitions...
I:Loading package: OrangeFox (/twres/ui.xml)
I:Load XML directly
I:PageManager::LoadFileToBuffer loading filename: '/twres/languages/zn_TW.xml' directly
I:PageManager::LoadFileToBuffer loading filename: '/twres/languages/zh_CN.xml' directly
I:PageManager::LoadFileToBuffer loading filename: '/twres/languages/ua.xml' directly
I:PageManager::LoadFileToBuffer loading filename: '/twres/languages/tr.xml' directly
I:PageManager::LoadFileToBuffer loading filename: '/twres/languages/ru.xml' directly
I:PageManager::LoadFileToBuffer loading filename: '/twres/languages/ro.xml' directly
I:PageManager::LoadFileToBuffer loading filename: '/twres/languages/pt_PT.xml' directly
I:PageManager::LoadFileToBuffer loading filename: '/twres/languages/pl.xml' directly
I:PageManager::LoadFileToBuffer loading filename: '/twres/languages/it.xml' directly
I:PageManager::LoadFileToBuffer loading filename: '/twres/languages/id.xml' directly
I:PageManager::LoadFileToBuffer loading filename: '/twres/languages/hu.xml' directly
I:PageManager::LoadFileToBuffer loading filename: '/twres/languages/fr.xml' directly
I:PageManager::LoadFileToBuffer loading filename: '/twres/languages/es-ES.xml' directly
I:PageManager::LoadFileToBuffer loading filename: '/twres/languages/en.xml' directly
I:PageManager::LoadFileToBuffer loading filename: '/twres/languages/el.xml' directly
I:PageManager::LoadFileToBuffer loading filename: '/twres/languages/de.xml' directly
I:PageManager::LoadFileToBuffer loading filename: '/twres/languages/cs.xml' directly
I:PageManager::LoadFileToBuffer loading filename: '/twres/languages/en.xml' directly
parsing languageFile
parsing languageFile done
I:PageManager::LoadFileToBuffer loading filename: '/twres/ui.xml' directly
I:Checking resolution...
I:Scaling theme width 0.666667x and height 0.671667x, offsets x: 0 y: 0 w: 0 h: 0
I:Loading resources...
I:Loading variables...
I:Loading mouse cursor...
I:Loading pages...
I:Including file: /sdcard/Fox/.navbar/navbar.xml...
I:PageManager::LoadFileToBuffer loading filename: '/sdcard/Fox/.navbar/navbar.xml' directly
I:PageManager::LoadFileToBuffer loading filename: '/twres/themes/navbar.xml' directly
I:Loading resources...
I:Loading variables...
I:Loading mouse cursor...
I:Loading pages...
I:Including file: /sdcard/Fox/.theme/font.xml...
I:PageManager::LoadFileToBuffer loading filename: '/sdcard/Fox/.theme/font.xml' directly
I:PageManager::LoadFileToBuffer loading filename: '/twres/themes/font.xml' directly
I:Loading resources...
I:Loading variables...
I:Loading mouse cursor...
I:Loading pages...
I:Including file: /sdcard/Fox/.theme/style.xml...
I:PageManager::LoadFileToBuffer loading filename: '/sdcard/Fox/.theme/style.xml' directly
I:PageManager::LoadFileToBuffer loading filename: '/twres/themes/style.xml' directly
I:Loading resources...
I:Failed to load image from Default/Progress/indeterminate033, error -1
I:Loading variables...
I:Loading mouse cursor...
I:Loading pages...
I:Including file: /sdcard/Fox/.theme/accent.xml...
I:PageManager::LoadFileToBuffer loading filename: '/sdcard/Fox/.theme/accent.xml' directly
I:PageManager::LoadFileToBuffer loading filename: '/twres/themes/accent.xml' directly
I:Loading resources...
I:Loading variables...
I:Loading mouse cursor...
I:Loading pages...
I:Including file: /sdcard/Fox/.theme/action.xml...
I:PageManager::LoadFileToBuffer loading filename: '/sdcard/Fox/.theme/action.xml' directly
I:PageManager::LoadFileToBuffer loading filename: '/twres/themes/action.xml' directly
I:Loading resources...
I:Loading variables...
I:Loading mouse cursor...
I:Loading pages...
I:Including file: /twres/resources/images.xml...
I:PageManager::LoadFileToBuffer loading filename: '/twres/resources/images.xml' directly
I:Loading resources...
I:Loading variables...
I:Loading mouse cursor...
I:Loading pages...
I:Including file: /twres/resources/vars.xml...
I:PageManager::LoadFileToBuffer loading filename: '/twres/resources/vars.xml' directly
I:Loading resources...
I:Loading variables...
I:Loading mouse cursor...
I:Loading pages...
I:Including file: /twres/resources/styles.xml...
I:PageManager::LoadFileToBuffer loading filename: '/twres/resources/styles.xml' directly
I:Loading resources...
I:Loading variables...
I:Loading mouse cursor...
I:Loading pages...
I:Including file: /twres/pages/templates/base.xml...
I:PageManager::LoadFileToBuffer loading filename: '/twres/pages/templates/base.xml' directly
I:Loading resources...
I:Loading variables...
I:Loading mouse cursor...
I:Loading pages...
I:Including file: /twres/pages/templates/keyboard.xml...
I:PageManager::LoadFileToBuffer loading filename: '/twres/pages/templates/keyboard.xml' directly
I:Loading resources...
I:Loading variables...
I:Loading mouse cursor...
I:Loading pages...
I:Including file: /twres/pages/templates/navbar.xml...
I:PageManager::LoadFileToBuffer loading filename: '/twres/pages/templates/navbar.xml' directly
I:Loading resources...
I:Loading variables...
I:Loading mouse cursor...
I:Loading pages...
I:Including file: /twres/pages/templates/statusbar.xml...
I:PageManager::LoadFileToBuffer loading filename: '/twres/pages/templates/statusbar.xml' directly
I:Loading resources...
I:Loading variables...
I:Loading mouse cursor...
I:Loading pages...
I:Including file: /twres/pages/templates/templates.xml...
I:PageManager::LoadFileToBuffer loading filename: '/twres/pages/templates/templates.xml' directly
I:Loading resources...
I:Loading variables...
I:Loading mouse cursor...
I:Loading pages...
I:Including file: /twres/pages/main.xml...
I:PageManager::LoadFileToBuffer loading filename: '/twres/pages/main.xml' directly
I:Loading resources...
I:Loading variables...
I:Loading mouse cursor...
I:Loading pages...
I:Loading page main
I:Loading page navbar
I:Loading page welcome
I:Loading page aroma_busy
I:Loading page fastboot
I:Including file: /twres/pages/pass.xml...
I:PageManager::LoadFileToBuffer loading filename: '/twres/pages/pass.xml' directly
I:Loading resources...
I:Loading variables...
I:Loading mouse cursor...
I:Loading pages...
I:Loading page password_enter
I:Loading page password_enter_num
I:Loading page password_enter_pattern
I:Loading page password_check
I:Loading page pass_pattern
I:Loading page pass_pattern_2
I:Loading page pass_text
I:Loading page pass_text_2
I:Loading page pass_pin
I:Loading page pass_pin_2
I:Loading page pass_remove
I:Loading page pass_check
I:Including file: /twres/pages/install.xml...
I:PageManager::LoadFileToBuffer loading filename: '/twres/pages/install.xml' directly
I:Loading resources...
I:Loading variables...
I:Loading mouse cursor...
I:Loading pages...
I:Loading page flash_confirm
I:Loading page fox_modules_confirm
I:Loading page queueview
I:Loading page flash_image_confirm
I:Loading page flash_image_ab
I:Loading page add_zip
I:Loading page flash_zip
I:Loading page flash_image
I:Loading page flash_done
I:Loading page flash_sleep_and_reboot
I:Loading page flash_image_done
I:Including file: /twres/pages/wipe.xml...
I:PageManager::LoadFileToBuffer loading filename: '/twres/pages/wipe.xml' directly
I:Loading resources...
I:Loading variables...
I:Loading mouse cursor...
I:Loading pages...
I:Loading page wipe
I:Loading page formatdata
I:Loading page formatdata_confirm
I:Loading page wipe_confirm_action
I:Loading page wipe_action_page
I:Loading page wipe_action_complete
I:Loading page checkpartitionlist
I:Loading page partitionoptions
I:Loading page refreshfilesystem
I:Loading page selectfilesystem
I:Loading page part_options
I:Including file: /twres/pages/backup.xml...
I:PageManager::LoadFileToBuffer loading filename: '/twres/pages/backup.xml' directly
I:Loading resources...
I:Loading variables...
I:Loading mouse cursor...
I:Loading pages...
I:Loading page backup
I:Loading page check_storage_back
I:Loading page backup_prep
I:Loading page backupname
I:Loading page backupname_auto
I:Loading page backup_encryption
I:Loading page backup_encryption2
I:Loading page checkbackuppassword
I:Loading page checkbackuppassword2
I:Loading page backup_run
I:Loading page backup_digest
I:Loading page backup_action_complete
I:Including file: /twres/pages/restore.xml...
I:PageManager::LoadFileToBuffer loading filename: '/twres/pages/restore.xml' directly
I:Loading resources...
I:Loading variables...
I:Loading mouse cursor...
I:Loading pages...
I:Loading page restore
I:Loading page restore_prep
I:Loading page restore_read
I:Loading page restore_decrypt
I:Loading page try_restore_decrypt
I:Loading page restore_select
I:Loading page renamebackup
I:Loading page deletebackup
I:Loading page restore_run
I:Loading page restore_confirm_action
I:Loading page restore_action_page
I:Loading page restore_action_complete
I:Including file: /twres/pages/mount.xml...
I:PageManager::LoadFileToBuffer loading filename: '/twres/pages/mount.xml' directly
I:Loading resources...
I:Loading variables...
I:Loading mouse cursor...
I:Loading pages...
I:Loading page mount
I:Loading page usb_mount
I:Loading page system_readonly_check
I:Loading page system_readonly_check_ext_context
I:Loading page system_readonly
I:Loading page system_readonly_mount
I:Loading page decrypt
I:Loading page decrypt_pin
I:Loading page decrypt_pattern
I:Loading page decrypt_redirect
I:Loading page trydecrypt
I:Loading page reapply_settings
I:Loading page decrypt_users
I:Loading page decrypt_users2
I:Including file: /twres/pages/files.xml...
I:PageManager::LoadFileToBuffer loading filename: '/twres/pages/files.xml' directly
I:Loading resources...
I:Loading variables...
I:Loading mouse cursor...
I:Loading pages...
I:Loading page filemanagerlist
I:Loading page file_quick_actions
I:Loading page file_quick_actions_dark
I:Loading page select_path
I:Loading page select_path_dark
I:Loading page files_mkdir
I:Loading page fm_multiselection
I:Loading page fm_ms_actions
I:Loading page file_search
I:Loading page file_dark_search
I:Loading page files_redirect
I:Loading page files_bookmarks_prepare
I:Loading page files_bookmarks
I:Loading page filemanageroptions
I:Loading page openas
I:Loading page fm_file_checksum
I:Loading page fm_file_checksum_calc
I:Loading page fm_file_info
I:Loading page choosedestinationfolder
I:Loading page filemanagerrenamefile
I:Loading page filemanagerrenamefolder
I:Loading page filemanagerchmod
I:Loading page filemanagerchmod_key
I:Loading page filemanagerconfirm
I:Loading page archive_confirm
I:Loading page archive_cmd
I:Loading page filemanageraction
I:Loading page filemanagercomplete
I:Loading page cat_file
I:Including file: /twres/pages/rmmanager.xml...
I:PageManager::LoadFileToBuffer loading filename: '/twres/pages/rmmanager.xml' directly
I:Loading resources...
I:Loading variables...
I:Loading mouse cursor...
I:Loading pages...
I:Loading page modules_mount
I:Loading page modules_unmount
I:Loading page root_modules
I:Loading page module_actions
I:Loading page module_delete
I:Including file: /twres/pages/advanced.xml...
I:PageManager::LoadFileToBuffer loading filename: '/twres/pages/advanced.xml' directly
I:Loading resources...
I:Loading variables...
I:Loading mouse cursor...
I:Loading pages...
I:Loading page advanced
I:Loading page mod_survival
I:Loading page mod_magisk
I:Loading page mod_unmagisk
I:Loading page mod_reset
I:Loading page mod_pass
I:Loading page fox_modules
I:Loading page partsdcard
I:Loading page terminal
I:Loading page sideload
I:Loading page fixcontexts
I:Loading page apps_load
I:Loading page apps_list
I:Unable to open '/tmp/listapps/list'
I:Unable to open '/tmp/listapps/list'
I:Including file: /twres/pages/reboot.xml...
I:PageManager::LoadFileToBuffer loading filename: '/twres/pages/reboot.xml' directly
I:Loading resources...
I:Loading variables...
I:Loading mouse cursor...
I:Loading pages...
I:Loading page reboot
I:Loading page set_slot
I:Including file: /twres/pages/settings.xml...
I:PageManager::LoadFileToBuffer loading filename: '/twres/pages/settings.xml' directly
I:Loading resources...
I:Loading variables...
I:Loading mouse cursor...
I:Loading pages...
I:Loading page settings
I:Loading page ext_context
I:Loading page ext_general
I:Loading page pass_select
I:Loading page ext_screen
I:Loading page ext_vibrate
I:Loading page ext_backup
I:Loading page ext_time
I:Loading page ext_time_offset
I:Loading page check_zone
I:Loading page ext_time_lang
I:Loading page ext_time_lang_busy
I:Loading page about
I:Loading page about_credits
I:Parsing file: /twres/credits.txt
I:Parsing file: /twres/translators.txt
I:Parsing file: /twres/changelog.txt
I:Loading page ext_gov
I:Loading page ext_backup_quick
I:Including file: /twres/pages/universal.xml...
I:PageManager::LoadFileToBuffer loading filename: '/twres/pages/universal.xml' directly
I:Loading resources...
I:Loading variables...
I:Loading mouse cursor...
I:Loading pages...
I:Loading page filecheck
I:Loading page rebootcheck
I:Loading page rebootcheckoverlay
I:Loading page no_os_warning
I:Loading page clear_vars
I:Loading page confirm_action
I:Loading page action_page
I:Loading page ota_simple
I:Loading page singleaction_page
I:Loading page action_complete
I:Including file: /twres/pages/anywhere.xml...
I:PageManager::LoadFileToBuffer loading filename: '/twres/pages/anywhere.xml' directly
I:Loading resources...
I:Loading variables...
I:Loading mouse cursor...
I:Loading pages...
I:Loading page lock
I:Loading page console
I:Including file: /twres/pages/dialogs.xml...
I:PageManager::LoadFileToBuffer loading filename: '/twres/pages/dialogs.xml' directly
I:Loading resources...
I:Loading variables...
I:Loading mouse cursor...
I:Loading pages...
I:Loading page menu
I:Loading page menu_sort
I:Loading page fm_sort
I:Loading page dialog_magisk_not_found
I:Loading page dialog_modules_cannot_mount
I:Loading page dialog_reset_average
I:Loading page dialog_lost_info
I:Loading page dialog_app
I:Loading page dialog_error_partition
I:Loading page pass_error
I:Loading page dialog_enable_hw_mode
I:Including file: /twres/pages/customization.xml...
I:PageManager::LoadFileToBuffer loading filename: '/twres/pages/customization.xml' directly
I:Loading resources...
I:Loading variables...
I:Loading mouse cursor...
I:Loading pages...
I:Loading page ext_custom_reset
I:Loading page ext_custom_gest
I:Loading page ext_custom
I:Loading page ext_custom_status
I:Loading page ext_custom_key
I:Loading page ext_custom_lock
I:Loading page ext_custom_nav
I:Loading page ext_custom_other
I:Loading page ext_custom_nav_error
I:Loading page ext_custom_nav_no_switch
I:Loading page ext_custom_fonts_check
I:Loading page ext_custom_fonts
I:Loading page ext_custom_fonts_sec
I:Loading page ext_custom_fonts_size
I:Loading page ext_custom_fonts_cn
I:Loading page ext_custom_theme
I:Loading page ext_custom_splash
I:Loading page ext_custom_splash_color
I:Loading page ext_custom_splash_logo
I:Loading page ext_custom_splash_select
I:Loading page apply_changes
I:Loading page apply_splash
I:Loading page get_splash_info
I:Including file: /twres/pages/fox.xml...
I:PageManager::LoadFileToBuffer loading filename: '/twres/pages/fox.xml' directly
I:Loading resources...
I:Loading variables...
I:Loading mouse cursor...
I:Loading pages...
I:Loading page fox_ota
I:Loading page fox_ota_lite
I:Loading page fox_lab
I:Loading page debug_pages
I:Loading page debug
I:Loading page debug_plus
I:Loading page scaling
I:Including file: /sbin/maintainer.xml...
I:PageManager::LoadFileToBuffer loading filename: '/sbin/maintainer.xml' directly
I:PageManager::LoadFileToBuffer loading filename: '/twres/pages/dummy.xml' directly
I:Loading resources...
I:Loading variables...
I:Loading mouse cursor...
I:Loading pages...
I:Loading page maintainer
I:Set page: 'decrypt_pattern'
I:Switching packages (OrangeFox)
ro.boot.bootreason=reboot
ro.boot.mode=recovery
ro.boot.slot=a
ro.boot.vbmeta.size=13824
ro.boot.vbmeta.digest=9ffc99351852107fb357e03d28bdb9bdbb035d9b237bb5ee44cebb1c82066ade
ro.boot.vbmeta.hash_alg=sha256
ro.boot.vbmeta.avb_version=1.2
ro.boot.vbmeta.device_state=unlocked
ro.boot.dtb_idx=0
ro.boot.otp_ver=0
ro.boot.dtbo_idx=0
ro.boot.hardware=mt6833
ro.boot.efusemode=hw
ro.boot.sec_da_ver=3
ro.boot.veritymode=enforcing
ro.boot.veritymode.managed=yes
ro.boot.avb_img_ver=0
ro.boot.sec_img_ver=1
ro.boot.blow_disbrom=0
ro.boot.boot_devices=bootdevice,soc/11230000.mmc,11230000.mmc,soc/11230000.msdc,11230000.msdc,soc/11270000.ufshci,11270000.ufshci
ro.boot.otaenablefec=0
ro.boot.meta_log_disable=0
ro.boot.verifiedbootstate=orange
ro.boot.anti_rollback_status=1
ro.baseband=unknown
ro.bootmode=recovery
ro.hardware=mt6833
ro.revision=0
ro.bootloader=unknown
ro.boottime.mtk.plpath.utils.link=6421699769
ro.boottime.adbd=6463422538
ro.boottime.init=1184475461
ro.boottime.init.modules=3866
ro.boottime.init.selinux=284763308
ro.boottime.init.first_stage=3952767692
ro.boottime.init.cold_boot_wait=681
ro.boottime.logd=6307215999
ro.boottime.tee-1-1=6496677846
ro.boottime.ueventd=5593980076
ro.boottime.mobicore=6472046538
ro.boottime.recovery=6436946153
ro.boottime.keystore2=6371897846
ro.boottime.boot-hal-1-2=6445270230
ro.boottime.keymaster-4-1=6478614846
ro.boottime.gatekeeper-1-0=6483093846
ro.boottime.health-hal-2-1=6449978461
ro.boottime.servicemanager=6360719153
ro.boottime.hwservicemanager=6355845615
ro.boottime.vndservicemanager=6365640922
ro.boottime.init.fsck.data=12907
ro.boottime.init.mount.data=103
ro.product.bootimage.name=gsi_arm64
ro.product.bootimage.brand=Android
ro.product.bootimage.model=GSI on ARM64
ro.product.bootimage.device=generic_arm64
ro.product.bootimage.manufacturer=unknown
ro.bootimage.build.id=SGR1.240502.001.B7
ro.bootimage.build.date=Tue Oct  8 08:36:45 UTC 2024
ro.bootimage.build.date.utc=1728376605
ro.bootimage.build.tags=release-keys
ro.bootimage.build.type=user
ro.bootimage.build.version.sdk=31
ro.bootimage.build.version.release=12
ro.bootimage.build.version.incremental=12468456
ro.bootimage.build.version.release_or_codename=12
ro.bootimage.build.fingerprint=Android/gsi_arm64/generic_arm64:12/SGR1.240502.001.B7/12468456:user/release-keys
ro.odm.build.date=Tue Apr  8 16:50:24 UTC 2025
ro.odm.build.date.utc=1744131024
ro.odm.build.version.incremental=eng.Projec.20250408.165153
ro.odm.build.fingerprint=Itel/P661N-GL/itel-P661N:13/TP1A.220624.014/250106V612:user/release-keys
ro.product.odm.name=fox_P661N
ro.product.odm.brand=Itel
ro.product.odm.model=Itel P55 5G
ro.product.odm.device=P661N
ro.product.odm.manufacturer=ITEL
ro.build.id=SP2A.220405.004
ro.build.date=Tue Apr  8 16:50:24 UTC 2025
ro.build.date.utc=1744131335
ro.build.host=pgytproject
ro.build.tags=test-keys
ro.build.type=eng
ro.build.user=ProjectKernel3
ro.build.flavor=fox_P661N-eng
ro.build.display.id=fox_P661N-eng 99.87.36 SP2A.220405.004 eng.Projec.20250408.165153 test-keys
ro.build.product=P661N
ro.build.version.sdk=32
ro.build.version.base_os=
ro.build.version.release=99.87.36
ro.build.version.codename=REL
ro.build.version.incremental=eng.Projec.20250408.165153
ro.build.version.preview_sdk=0
ro.build.version.all_codenames=REL
ro.build.version.security_patch=2099-12-31
ro.build.version.release_or_codename=99.87.36
ro.build.version.preview_sdk_fingerprint=REL
ro.build.version.min_supported_target_sdk=23
ro.build.description=vnd_p661n_h334-user 13 TP1A.220624.014 788822 release-keys
ro.build.characteristics=default
ro.build.system_root_image=false
ro.secure=0
ro.system.build.id=SP2A.220405.004
ro.system.build.date=Tue Apr  8 16:50:24 UTC 2025
ro.system.build.date.utc=1744131024
ro.system.build.tags=test-keys
ro.system.build.type=eng
ro.system.build.version.sdk=32
ro.system.build.version.release=99.87.36
ro.system.build.version.incremental=eng.Projec.20250408.165153
ro.system.build.version.release_or_codename=99.87.36
ro.system.build.fingerprint=Itel/P661N-GL/itel-P661N:13/TP1A.220624.014/250106V612:user/release-keys
ro.treble.enabled=true
ro.product.cpu.abi=arm64-v8a
ro.product.cpu.abilist=arm64-v8a
ro.product.cpu.abilist32=
ro.product.cpu.abilist64=arm64-v8a
ro.product.name=fox_P661N
ro.product.brand=Itel
ro.product.build.id=SP2A.220405.004
ro.product.build.date=Tue Apr  8 16:50:24 UTC 2025
ro.product.build.date.utc=1744131024
ro.product.build.tags=test-keys
ro.product.build.type=eng
ro.product.build.version.sdk=32
ro.product.build.version.release=99.87.36
ro.product.build.version.incremental=eng.Projec.20250408.165153
ro.product.build.version.release_or_codename=99.87.36
ro.product.build.fingerprint=Itel/P661N-GL/itel-P661N:13/TP1A.220624.014/250106V612:user/release-keys
ro.product.model=Itel P55 5G
ro.product.device=P661N
ro.product.system.name=fox_P661N
ro.product.system.brand=Itel
ro.product.system.model=Itel P55 5G
ro.product.system.device=P661N
ro.product.system.manufacturer=ITEL
ro.product.product.name=fox_P661N
ro.product.product.brand=Itel
ro.product.product.model=Itel P55 5G
ro.product.product.device=P661N
ro.product.product.manufacturer=ITEL
ro.product.system_ext.name=fox_P661N
ro.product.system_ext.brand=Itel
ro.product.system_ext.model=Itel P55 5G
ro.product.system_ext.device=P661N
ro.product.system_ext.manufacturer=ITEL
ro.product.manufacturer=ITEL
ro.debuggable=1
ro.system_ext.build.id=SP2A.220405.004
ro.system_ext.build.date=Tue Apr  8 16:50:24 UTC 2025
ro.system_ext.build.date.utc=1744131024
ro.system_ext.build.tags=test-keys
ro.system_ext.build.type=eng
ro.system_ext.build.version.sdk=32
ro.system_ext.build.version.release=99.87.36
ro.system_ext.build.version.incremental=eng.Projec.20250408.165153
ro.system_ext.build.version.release_or_codename=99.87.36
ro.system_ext.build.fingerprint=Itel/P661N-GL/itel-P661N:13/TP1A.220624.014/250106V612:user/release-keys
ro.actionable_compatible_property.enabled=true
ro.vendor.build.id=SP2A.220405.004
ro.vendor.build.date=Tue Apr  8 16:50:24 UTC 2025
ro.vendor.build.date.utc=1744131024
ro.vendor.build.tags=test-keys
ro.vendor.build.type=eng
ro.vendor.build.version.sdk=32
ro.vendor.build.version.release=99.87.36
ro.vendor.build.version.incremental=eng.Projec.20250408.165153
ro.vendor.build.version.release_or_codename=99.87.36
ro.vendor.build.fingerprint=Itel/P661N-GL/itel-P661N:13/TP1A.220624.014/250106V612:user/release-keys
ro.vendor.product.cpu.abilist=arm64-v8a
ro.vendor.product.cpu.abilist32=
ro.vendor.product.cpu.abilist64=arm64-v8a
ro.product.board=itel-P661N
ro.product.vendor.name=fox_P661N
ro.product.vendor.brand=Itel
ro.product.vendor.model=Itel P55 5G
ro.product.vendor.device=P661N
ro.product.vendor.manufacturer=ITEL
ro.product.first_api_level=31
ro.cold_boot_done=true
ro.bionic.arch=arm64
ro.bionic.2nd_arch=arm
ro.bionic.cpu_variant=cortex-a55
ro.bionic.2nd_cpu_variant=cortex-a55
ro.dalvik.vm.native.bridge=0
ro.zygote=zygote64
dalvik.vm.isa.arm.variant=cortex-a55
dalvik.vm.isa.arm.features=default
dalvik.vm.isa.arm64.variant=cortex-a55
dalvik.vm.isa.arm64.features=default
dalvik.vm.dexopt.secondary=true
dalvik.vm.dexopt.thermal-cutoff=2
dalvik.vm.usejit=true
dalvik.vm.madvise.artfile.size=4294967295
dalvik.vm.madvise.odexfile.size=104857600
dalvik.vm.madvise.vdexfile.size=104857600
dalvik.vm.lockprof.threshold=500
dalvik.vm.dex2oat-Xms=64m
dalvik.vm.dex2oat-Xmx=512m
dalvik.vm.minidebuginfo=true
dalvik.vm.appimageformat=lz4
dalvik.vm.usejitprofiles=true
dalvik.vm.image-dex2oat-Xms=64m
dalvik.vm.image-dex2oat-Xmx=64m
dalvik.vm.image-dex2oat-filter=extract
dalvik.vm.dex2oat-minidebuginfo=true
dalvik.vm.dex2oat-max-image-block-size=524288
dalvik.vm.dex2oat-resolve-startup-strings=true
dalvik.vm.dex2oat-updatable-bcp-packages-file=/system/etc/updatable-bcp-packages.txt
persist.sys.dalvik.vm.lib.2=libart.so
debug.atrace.tags.enableflags=0
ro.product.debugfs_restrictions.enabled=true
ro.sys.usb.mtp.whql.enable=0
ro.sys.usb.bicr=no
ro.sys.usb.storage.type=adb,mtp
ro.twrp.target.devices=itel-P661N,p661n,P661N
ro.twrp.fastbootd=0
ro.wifi.channels=
ro.allow.mock.location=1
ro.build.date.utc_fox=1744131335
ro.build.fox_id=24790833-e1bd-4268-b95b-c7bdd29a4d13
ro.build.selinux=1
ro.build.fox_codebase=2025-04-08 (2d91f842)
ro.iorapd.enable=true
ro.kernel.android.checkjni=1
ro.kernel.version=5.10
ro.system.product.cpu.abilist=arm64-v8a
ro.system.product.cpu.abilist32=
ro.system.product.cpu.abilist64=arm64-v8a
ro.mediatek.platform=MT6833
ro.bootimage.build.date.utc_fox=1744131335
ro.fastbootd.available=1
ro.orangefox.boot=1
ro.orangefox.boot.header.version=4
ro.orangefox.type=Stable
ro.orangefox.build=orangefox
ro.orangefox.release.version=R11.3
ro.orangefox.variant=default
ro.orangefox.virtual_ab=1
ro.postinstall.fstab.prefix=/system
ro.mtk_tee_gp_support=1
ro.mtk_trustonic_tee_support=1
fbe.contents=aes-256-xts
fbe.filenames=aes-256-cts:v2+inlinecrypt_optimized
twrp.user.0.decrypt=0
twrp.super.symlinks_created=true
twrp.modules.loaded=true
fstab.additional=1
orangefox.super.partition=true
orangefox.vendor_boot.recovery=true
orangefox.crash_counter=0
orangefox.action_complete=0
keymaster_ver=4.x
tw_is_vendor_boot=1
tw_boot_header_version=4
ro.boot.slot_suffix=_a
ro.boot.dynamic_partitions=true
ro.hwui.use_vulkan=
ro.board.platform=mt6833
ro.build.ab_update=true
ro.hardware.gatekeeper=trustonic
pm.dexopt.ab-ota=speed-profile
pm.dexopt.shared=speed
pm.dexopt.cmdline=verify
pm.dexopt.install=speed-profile
pm.dexopt.inactive=verify
pm.dexopt.bg-dexopt=speed-profile
pm.dexopt.first-boot=extract
pm.dexopt.install-bulk=speed-profile
pm.dexopt.install-fast=skip
pm.dexopt.install-bulk-secondary=verify
pm.dexopt.install-bulk-downgraded=verify
pm.dexopt.install-bulk-secondary-downgraded=extract
persist.sys.timezone=CET-1;CEST,M3.5.0,M10.5.0
sys.usb.ffs.aio_compat=0
sys.usb.ffs.ready=1
ro.build.fingerprint=Itel/fox_P661N/P661N:99.87.36/SP2A.220405.004/eng.Projec.20250408.165153:eng/test-keys
ro.gsid.image_running=0
gsid.image_installed=0
hwservicemanager.ready=true
init.svc.mtk.plpath.utils.link=stopped
init.svc.logd=running
init.svc.tee-1-1=running
init.svc.ueventd=running
init.svc.mobicore=running
init.svc.recovery=running
init.svc.keystore2=running
init.svc.boot-hal-1-2=running
init.svc.keymaster-4-1=running
init.svc.gatekeeper-1-0=running
init.svc.health-hal-2-1=running
init.svc.servicemanager=running
init.svc.hwservicemanager=running
init.svc.vndservicemanager=running
init.svc.adbd=running
init.svc_debug_pid.mtk.plpath.utils.link=
init.svc_debug_pid.adbd=370
init.svc_debug_pid.logd=295
init.svc_debug_pid.tee-1-1=333
init.svc_debug_pid.ueventd=285
init.svc_debug_pid.mobicore=326
init.svc_debug_pid.recovery=314
init.svc_debug_pid.keystore2=310
init.svc_debug_pid.boot-hal-1-2=315
init.svc_debug_pid.keymaster-4-1=327
init.svc_debug_pid.gatekeeper-1-0=328
init.svc_debug_pid.health-hal-2-1=319
init.svc_debug_pid.servicemanager=308
init.svc_debug_pid.hwservicemanager=307
init.svc_debug_pid.vndservicemanager=309
keystore.crash_count=0
ro.logd.kernel=true
ro.product.ab_ota_partitions=boot,dtbo,system,vendor,product,system_ext,vendor_boot,vbmeta_vendor,vbmeta_system
persist.debug.dalvik.vm.core_platform_api_policy=just-warn
pm.dexopt.post-boot=extract
pm.dexopt.boot-after-ota=extract
ro.property_service.version=2
ro.minui.pixel_format=RGBX_8888
ro.minui.overscan_percent=0
ro.boot.serialno=10608373BN103723
ro.serialno=10608373BN103723
service.adb.root=1
external_storage.projid.enabled=1
external_storage.casefold.enabled=1
external_storage.sdcardfs.enabled=0
ro.sf.lcd_density=320
dev.mnt.blk.mnt.vendor.nvcfg=sdc
dev.mnt.blk.mnt.vendor.nvdata=sdc
dev.mnt.blk.mnt.vendor.protect_f=sdc
dev.mnt.blk.mnt.vendor.protect_s=sdc
dev.mnt.blk.data=dm-13
dev.mnt.blk.cache=sdc
dev.mnt.blk.vendor=
dev.mnt.blk.persist=
dev.mnt.blk.metadata=sdc
dev.mnt.blk.system_root=
net.bt.name=Android
sys.usb.pid=0x201D
sys.usb.vid=0x18D1
sys.usb.vid.mtk=0x0E8D
persist.sys.usb.config=mtp,adb
persist.sys.disable_rescue=true
persist.traced.enable=1
sys.usb.state=mtp,adb
sys.usb.config=mtp,adb
sys.usb.configfs=1
sys.usb.controller=musb-hdrc
init.userspace_reboot.is_supported=true
ro.odm.build.id=SP2A.220405.004
ro.odm.build.tags=test-keys
ro.odm.build.type=eng
ro.odm.build.version.sdk=32
ro.odm.build.version.release=99.87.36
ro.odm.build.version.release_or_codename=99.87.36
ro.odm.product.cpu.abilist=arm64-v8a
ro.odm.product.cpu.abilist32=
ro.odm.product.cpu.abilist64=arm64-v8a
ro.vendor.mtk_trustonic_tee_support=1
ro.hardware.kmsetkey=trustonic
vendor.mtk.boot0_linka=1
vendor.mtk.boot1_linkb=1
persist.vendor.mtk.pl_lnk=1
ro.vendor.build.security_patch=2099-12-31
ro.virtual_ab.enabled=true
ro.virtual_ab.compression.enabled=true
ro.vndk.version=32
ro.product.vndk.version=32
ro.crypto.volume.filenames_mode=aes-256-cts
ro.crypto.allow_encrypt_override=true
ro.crypto.metadata_init_delete_all_keys.enabled=false
ro.crypto.metadata.enabled=true
ro.crypto.fs_crypto_blkdev=/dev/block/dm-13
ro.crypto.uses_fs_ioc_add_encryption_key=true
ro.crypto.type=file
ro.crypto.state=encrypted

I:Overriding ro.build.date.utc with value: "0"
I:Overriding ro.bootimage.build.date.utc with value: "0"
I:Overriding ro.vendor.build.date.utc with value: "0"
I:Overriding ro.system.build.date.utc with value: "0"
I:Overriding ro.system_ext.build.date.utc with value: "0"
I:Overriding ro.product.build.date.utc with value: "0"
I:Overriding ro.odm.build.date.utc with value: "0"
I:DEBUG: OrangeFox: running the startup script...
FOX_BUILD_DATE=Tue Apr 8 16:55:35 2025
DEBUG: OrangeFox: FOX_DEVICE=P661N
DEBUG: OrangeFox: FOX_KERNEL=5.10.209-android12-9-00021-g591df1b05194-ab12385099
DEBUG: OrangeFox: SYSTEM_ROOT=1
DEBUG: OrangeFox: PROPER_SAR=1
DEBUG: OrangeFox: FOX_SCRIPT_DATE=20250316
DEBUG: OrangeFox: ANDROID_SDK=31
DEBUG: OrangeFox: INCREMENTAL_VERSION=250106V571
DEBUG: OrangeFox: RELEASE_VERSION=12
DEBUG: OrangeFox: BUILD_FLAVOR=sys_tssi_64_armv82_itel-user
DEBUG: OrangeFox: ROM_FINGERPRINT=Itel/P661N-GL/itel-P661N:12/SP1A.210812.016/250106V571:user/release-keys
DEBUG: OrangeFox: check for MIUI.
DEBUG: OrangeFox: detected a Custom ROM.
DEBUG: OrangeFox: Fox properties:
[orangefox.action_complete]: [0]
[orangefox.crash_counter]: [0]
[orangefox.miui.rom]: [0]
[orangefox.postinit.status]: [1]
[orangefox.product.block_device]: [/dev/block/dm-2]
[orangefox.product.mount_point]: [/product]
[orangefox.product.partition]: [1]
[orangefox.rom.sdk]: [31]
[orangefox.super.block_device]: [/dev/block/by-name/super]
[orangefox.super.mount_point]: [/super]
[orangefox.super.partition]: [true]
[orangefox.system.block_device]: [/dev/block/dm-3]
[orangefox.system.fingerprint]: [Itel/P661N-GL/itel-P661N:12/SP1A.210812.016/250106V571:user/release-keys]
[orangefox.system.incremental]: [250106V571]
[orangefox.system.mount_point]: [/system_root]
[orangefox.system.release]: [12]
[orangefox.vendor.block_device]: [/dev/block/dm-5]
[orangefox.vendor.mount_point]: [/vendor]
[orangefox.vendor_boot.recovery]: [true]
[ro.orangefox.boot]: [1]
[ro.orangefox.boot.header.version]: [4]
[ro.orangefox.build]: [orangefox]
[ro.orangefox.home]: [/sdcard/Fox]
[ro.orangefox.kernel]: [5.10.209-android12-9-00021-g591df1b05194-ab12385099]
[ro.orangefox.release.version]: [R11.3]
[ro.orangefox.sar]: [1]
[ro.orangefox.settings]: [/sdcard/Fox]
[ro.orangefox.type]: [Stable]
[ro.orangefox.variant]: [default]
[ro.orangefox.virtual_ab]: [1]
I:Process ended with no errors.
I:- Using the ROM's incremental version (250106V571)
I:- Using the ROM's fingerprint (Itel/P661N-GL/itel-P661N:12/SP1A.210812.016/250106V571:user/release-keys)
I:Process ended with no errors.
copying '/data/misc/keystore/persistent.sqlite' to '/tmp/misc/keystore/persistent.sqlite'
I:Is encrypted, do decrypt page first
I:Switching packages (OrangeFox)
I:Set page: 'decrypt'
I:Set page: 'decrypt_pattern'
I:Request to switch GUI control mode
I:Set overlay: 'dialog_enable_hw_mode'
I:Set overlay: 'apply_changes'
I:InfoManager saving '/persist/.foxs'
I:Saved settings file values to /persist/.foxs
I:PassBak: Created backup
I:Loading package: OrangeFox (/data/media/theme/ui.zip)
I:Loading zip theme
I:Failed to load package '/data/media/theme/ui.zip'.
I:Attempting to reload stock theme...
I:Loading package: OrangeFox (/twres/ui.xml)
I:Load XML directly
I:PageManager::LoadFileToBuffer loading filename: '/twres/languages/zn_TW.xml' directly
I:PageManager::LoadFileToBuffer loading filename: '/twres/languages/zh_CN.xml' directly
I:PageManager::LoadFileToBuffer loading filename: '/twres/languages/ua.xml' directly
I:PageManager::LoadFileToBuffer loading filename: '/twres/languages/tr.xml' directly
I:PageManager::LoadFileToBuffer loading filename: '/twres/languages/ru.xml' directly
I:PageManager::LoadFileToBuffer loading filename: '/twres/languages/ro.xml' directly
I:PageManager::LoadFileToBuffer loading filename: '/twres/languages/pt_PT.xml' directly
I:PageManager::LoadFileToBuffer loading filename: '/twres/languages/pl.xml' directly
I:PageManager::LoadFileToBuffer loading filename: '/twres/languages/it.xml' directly
I:PageManager::LoadFileToBuffer loading filename: '/twres/languages/id.xml' directly
I:PageManager::LoadFileToBuffer loading filename: '/twres/languages/hu.xml' directly
I:PageManager::LoadFileToBuffer loading filename: '/twres/languages/fr.xml' directly
I:PageManager::LoadFileToBuffer loading filename: '/twres/languages/es-ES.xml' directly
I:PageManager::LoadFileToBuffer loading filename: '/twres/languages/en.xml' directly
I:PageManager::LoadFileToBuffer loading filename: '/twres/languages/el.xml' directly
I:PageManager::LoadFileToBuffer loading filename: '/twres/languages/de.xml' directly
I:PageManager::LoadFileToBuffer loading filename: '/twres/languages/cs.xml' directly
I:PageManager::LoadFileToBuffer loading filename: '/twres/languages/en.xml' directly
parsing languageFile
parsing languageFile done
I:PageManager::LoadFileToBuffer loading filename: '/twres/ui.xml' directly
I:Checking resolution...
I:Scaling theme width 0.666667x and height 0.671667x, offsets x: 0 y: 0 w: 0 h: 0
I:Loading resources...
I:Loading variables...
I:Loading mouse cursor...
I:Loading pages...
I:Including file: /sdcard/Fox/.navbar/navbar.xml...
I:PageManager::LoadFileToBuffer loading filename: '/sdcard/Fox/.navbar/navbar.xml' directly
I:Loading resources...
I:Loading variables...
I:Loading mouse cursor...
I:Loading pages...
I:Including file: /sdcard/Fox/.theme/font.xml...
I:PageManager::LoadFileToBuffer loading filename: '/sdcard/Fox/.theme/font.xml' directly
I:PageManager::LoadFileToBuffer loading filename: '/twres/themes/font.xml' directly
I:Loading resources...
I:Loading variables...
I:Loading mouse cursor...
I:Loading pages...
I:Including file: /sdcard/Fox/.theme/style.xml...
I:PageManager::LoadFileToBuffer loading filename: '/sdcard/Fox/.theme/style.xml' directly
I:PageManager::LoadFileToBuffer loading filename: '/twres/themes/style.xml' directly
I:Loading resources...
I:Failed to load image from Default/Progress/indeterminate033, error -1
I:Loading variables...
I:Loading mouse cursor...
I:Loading pages...
I:Including file: /sdcard/Fox/.theme/accent.xml...
I:PageManager::LoadFileToBuffer loading filename: '/sdcard/Fox/.theme/accent.xml' directly
I:PageManager::LoadFileToBuffer loading filename: '/twres/themes/accent.xml' directly
I:Loading resources...
I:Loading variables...
I:Loading mouse cursor...
I:Loading pages...
I:Including file: /sdcard/Fox/.theme/action.xml...
I:PageManager::LoadFileToBuffer loading filename: '/sdcard/Fox/.theme/action.xml' directly
I:PageManager::LoadFileToBuffer loading filename: '/twres/themes/action.xml' directly
I:Loading resources...
I:Loading variables...
I:Loading mouse cursor...
I:Loading pages...
I:Including file: /twres/resources/images.xml...
I:PageManager::LoadFileToBuffer loading filename: '/twres/resources/images.xml' directly
I:Loading resources...
I:Loading variables...
I:Loading mouse cursor...
I:Loading pages...
I:Including file: /twres/resources/vars.xml...
I:PageManager::LoadFileToBuffer loading filename: '/twres/resources/vars.xml' directly
I:Loading resources...
I:Loading variables...
I:Loading mouse cursor...
I:Loading pages...
I:Including file: /twres/resources/styles.xml...
I:PageManager::LoadFileToBuffer loading filename: '/twres/resources/styles.xml' directly
I:Loading resources...
I:Loading variables...
I:Loading mouse cursor...
I:Loading pages...
I:Including file: /twres/pages/templates/base.xml...
I:PageManager::LoadFileToBuffer loading filename: '/twres/pages/templates/base.xml' directly
I:Loading resources...
I:Loading variables...
I:Loading mouse cursor...
I:Loading pages...
I:Including file: /twres/pages/templates/keyboard.xml...
I:PageManager::LoadFileToBuffer loading filename: '/twres/pages/templates/keyboard.xml' directly
I:Loading resources...
I:Loading variables...
I:Loading mouse cursor...
I:Loading pages...
I:Including file: /twres/pages/templates/navbar.xml...
I:PageManager::LoadFileToBuffer loading filename: '/twres/pages/templates/navbar.xml' directly
I:Loading resources...
I:Loading variables...
I:Loading mouse cursor...
I:Loading pages...
I:Including file: /twres/pages/templates/statusbar.xml...
I:PageManager::LoadFileToBuffer loading filename: '/twres/pages/templates/statusbar.xml' directly
I:Loading resources...
I:Loading variables...
I:Loading mouse cursor...
I:Loading pages...
I:Including file: /twres/pages/templates/templates.xml...
I:PageManager::LoadFileToBuffer loading filename: '/twres/pages/templates/templates.xml' directly
I:Loading resources...
I:Loading variables...
I:Loading mouse cursor...
I:Loading pages...
I:Including file: /twres/pages/main.xml...
I:PageManager::LoadFileToBuffer loading filename: '/twres/pages/main.xml' directly
I:Loading resources...
I:Loading variables...
I:Loading mouse cursor...
I:Loading pages...
I:Loading page main
I:Loading page navbar
I:Loading page welcome
I:Loading page aroma_busy
I:Loading page fastboot
I:Including file: /twres/pages/pass.xml...
I:PageManager::LoadFileToBuffer loading filename: '/twres/pages/pass.xml' directly
I:Loading resources...
I:Loading variables...
I:Loading mouse cursor...
I:Loading pages...
I:Loading page password_enter
I:Loading page password_enter_num
I:Loading page password_enter_pattern
I:Loading page password_check
I:Loading page pass_pattern
I:Loading page pass_pattern_2
I:Loading page pass_text
I:Loading page pass_text_2
I:Loading page pass_pin
I:Loading page pass_pin_2
I:Loading page pass_remove
I:Loading page pass_check
I:Including file: /twres/pages/install.xml...
I:PageManager::LoadFileToBuffer loading filename: '/twres/pages/install.xml' directly
I:Loading resources...
I:Loading variables...
I:Loading mouse cursor...
I:Loading pages...
I:Loading page flash_confirm
I:Loading page fox_modules_confirm
I:Loading page queueview
I:Loading page flash_image_confirm
I:Loading page flash_image_ab
I:Loading page add_zip
I:Loading page flash_zip
I:Loading page flash_image
I:Loading page flash_done
I:Loading page flash_sleep_and_reboot
I:Loading page flash_image_done
I:Including file: /twres/pages/wipe.xml...
I:PageManager::LoadFileToBuffer loading filename: '/twres/pages/wipe.xml' directly
I:Loading resources...
I:Loading variables...
I:Loading mouse cursor...
I:Loading pages...
I:Loading page wipe
I:Loading page formatdata
I:Loading page formatdata_confirm
I:Loading page wipe_confirm_action
I:Loading page wipe_action_page
I:Loading page wipe_action_complete
I:Loading page checkpartitionlist
I:Loading page partitionoptions
I:Loading page refreshfilesystem
I:Loading page selectfilesystem
I:Loading page part_options
I:Including file: /twres/pages/backup.xml...
I:PageManager::LoadFileToBuffer loading filename: '/twres/pages/backup.xml' directly
I:Loading resources...
I:Loading variables...
I:Loading mouse cursor...
I:Loading pages...
I:Loading page backup
I:Loading page check_storage_back
I:Loading page backup_prep
I:Loading page backupname
I:Loading page backupname_auto
I:Loading page backup_encryption
I:Loading page backup_encryption2
I:Loading page checkbackuppassword
I:Loading page checkbackuppassword2
I:Loading page backup_run
I:Loading page backup_digest
I:Loading page backup_action_complete
I:Including file: /twres/pages/restore.xml...
I:PageManager::LoadFileToBuffer loading filename: '/twres/pages/restore.xml' directly
I:Loading resources...
I:Loading variables...
I:Loading mouse cursor...
I:Loading pages...
I:Loading page restore
I:Loading page restore_prep
I:Loading page restore_read
I:Loading page restore_decrypt
I:Loading page try_restore_decrypt
I:Loading page restore_select
I:Loading page renamebackup
I:Loading page deletebackup
I:Loading page restore_run
I:Loading page restore_confirm_action
I:Loading page restore_action_page
I:Loading page restore_action_complete
I:Including file: /twres/pages/mount.xml...
I:PageManager::LoadFileToBuffer loading filename: '/twres/pages/mount.xml' directly
I:Loading resources...
I:Loading variables...
I:Loading mouse cursor...
I:Loading pages...
I:Loading page mount
I:Loading page usb_mount
I:Loading page system_readonly_check
I:Loading page system_readonly_check_ext_context
I:Loading page system_readonly
I:Loading page system_readonly_mount
I:Loading page decrypt
I:Loading page decrypt_pin
I:Loading page decrypt_pattern
I:Loading page decrypt_redirect
I:Loading page trydecrypt
I:Loading page reapply_settings
I:Loading page decrypt_users
I:Loading page decrypt_users2
I:Including file: /twres/pages/files.xml...
I:PageManager::LoadFileToBuffer loading filename: '/twres/pages/files.xml' directly
I:Loading resources...
I:Loading variables...
I:Loading mouse cursor...
I:Loading pages...
I:Loading page filemanagerlist
I:Loading page file_quick_actions
I:Loading page file_quick_actions_dark
I:Loading page select_path
I:Loading page select_path_dark
I:Loading page files_mkdir
I:Loading page fm_multiselection
I:Loading page fm_ms_actions
I:Loading page file_search
I:Loading page file_dark_search
I:Loading page files_redirect
I:Loading page files_bookmarks_prepare
I:Loading page files_bookmarks
I:Loading page filemanageroptions
I:Loading page openas
I:Loading page fm_file_checksum
I:Loading page fm_file_checksum_calc
I:Loading page fm_file_info
I:Loading page choosedestinationfolder
I:Loading page filemanagerrenamefile
I:Loading page filemanagerrenamefolder
I:Loading page filemanagerchmod
I:Loading page filemanagerchmod_key
I:Loading page filemanagerconfirm
I:Loading page archive_confirm
I:Loading page archive_cmd
I:Loading page filemanageraction
I:Loading page filemanagercomplete
I:Loading page cat_file
I:Including file: /twres/pages/rmmanager.xml...
I:PageManager::LoadFileToBuffer loading filename: '/twres/pages/rmmanager.xml' directly
I:Loading resources...
I:Loading variables...
I:Loading mouse cursor...
I:Loading pages...
I:Loading page modules_mount
I:Loading page modules_unmount
I:Loading page root_modules
I:Loading page module_actions
I:Loading page module_delete
I:Including file: /twres/pages/advanced.xml...
I:PageManager::LoadFileToBuffer loading filename: '/twres/pages/advanced.xml' directly
I:Loading resources...
I:Loading variables...
I:Loading mouse cursor...
I:Loading pages...
I:Loading page advanced
I:Loading page mod_survival
I:Loading page mod_magisk
I:Loading page mod_unmagisk
I:Loading page mod_reset
I:Loading page mod_pass
I:Loading page fox_modules
I:Loading page partsdcard
I:Loading page terminal
I:Loading page sideload
I:Loading page fixcontexts
I:Loading page apps_load
I:Loading page apps_list
I:Unable to open '/tmp/listapps/list'
I:Unable to open '/tmp/listapps/list'
I:Including file: /twres/pages/reboot.xml...
I:PageManager::LoadFileToBuffer loading filename: '/twres/pages/reboot.xml' directly
I:Loading resources...
I:Loading variables...
I:Loading mouse cursor...
I:Loading pages...
I:Loading page reboot
I:Loading page set_slot
I:Including file: /twres/pages/settings.xml...
I:PageManager::LoadFileToBuffer loading filename: '/twres/pages/settings.xml' directly
I:Loading resources...
I:Loading variables...
I:Loading mouse cursor...
I:Loading pages...
I:Loading page settings
I:Loading page ext_context
I:Loading page ext_general
I:Loading page pass_select
I:Loading page ext_screen
I:Loading page ext_vibrate
I:Loading page ext_backup
I:Loading page ext_time
I:Loading page ext_time_offset
I:Loading page check_zone
I:Loading page ext_time_lang
I:Loading page ext_time_lang_busy
I:Loading page about
I:Loading page about_credits
I:Parsing file: /twres/credits.txt
I:Parsing file: /twres/translators.txt
I:Parsing file: /twres/changelog.txt
I:Loading page ext_gov
I:Loading page ext_backup_quick
I:Including file: /twres/pages/universal.xml...
I:PageManager::LoadFileToBuffer loading filename: '/twres/pages/universal.xml' directly
I:Loading resources...
I:Loading variables...
I:Loading mouse cursor...
I:Loading pages...
I:Loading page filecheck
I:Loading page rebootcheck
I:Loading page rebootcheckoverlay
I:Loading page no_os_warning
I:Loading page clear_vars
I:Loading page confirm_action
I:Loading page action_page
I:Loading page ota_simple
I:Loading page singleaction_page
I:Loading page action_complete
I:Including file: /twres/pages/anywhere.xml...
I:PageManager::LoadFileToBuffer loading filename: '/twres/pages/anywhere.xml' directly
I:Loading resources...
I:Loading variables...
I:Loading mouse cursor...
I:Loading pages...
I:Loading page lock
I:Loading page console
I:Including file: /twres/pages/dialogs.xml...
I:PageManager::LoadFileToBuffer loading filename: '/twres/pages/dialogs.xml' directly
I:Loading resources...
I:Loading variables...
I:Loading mouse cursor...
I:Loading pages...
I:Loading page menu
I:Loading page menu_sort
I:Loading page fm_sort
I:Loading page dialog_magisk_not_found
I:Loading page dialog_modules_cannot_mount
I:Loading page dialog_reset_average
I:Loading page dialog_lost_info
I:Loading page dialog_app
I:Loading page dialog_error_partition
I:Loading page pass_error
I:Loading page dialog_enable_hw_mode
I:Including file: /twres/pages/customization.xml...
I:PageManager::LoadFileToBuffer loading filename: '/twres/pages/customization.xml' directly
I:Loading resources...
I:Loading variables...
I:Loading mouse cursor...
I:Loading pages...
I:Loading page ext_custom_reset
I:Loading page ext_custom_gest
I:Loading page ext_custom
I:Loading page ext_custom_status
I:Loading page ext_custom_key
I:Loading page ext_custom_lock
I:Loading page ext_custom_nav
I:Loading page ext_custom_other
I:Loading page ext_custom_nav_error
I:Loading page ext_custom_nav_no_switch
I:Loading page ext_custom_fonts_check
I:Loading page ext_custom_fonts
I:Loading page ext_custom_fonts_sec
I:Loading page ext_custom_fonts_size
I:Loading page ext_custom_fonts_cn
I:Loading page ext_custom_theme
I:Loading page ext_custom_splash
I:Loading page ext_custom_splash_color
I:Loading page ext_custom_splash_logo
I:Loading page ext_custom_splash_select
I:Loading page apply_changes
I:Loading page apply_splash
I:Loading page get_splash_info
I:Including file: /twres/pages/fox.xml...
I:PageManager::LoadFileToBuffer loading filename: '/twres/pages/fox.xml' directly
I:Loading resources...
I:Loading variables...
I:Loading mouse cursor...
I:Loading pages...
I:Loading page fox_ota
I:Loading page fox_ota_lite
I:Loading page fox_lab
I:Loading page debug_pages
I:Loading page debug
I:Loading page debug_plus
I:Loading page scaling
I:Including file: /sbin/maintainer.xml...
I:PageManager::LoadFileToBuffer loading filename: '/sbin/maintainer.xml' directly
I:PageManager::LoadFileToBuffer loading filename: '/twres/pages/dummy.xml' directly
I:Loading resources...
I:Loading variables...
I:Loading mouse cursor...
I:Loading pages...
I:Loading page maintainer
I:Set page: 'decrypt_pattern'
I:Switching packages (OrangeFox)
I:Attempt to load settings from settings file...
I:InfoManager file '/data/media/.foxs' not found.
I:Backup folder set to '/data/media/Fox/BACKUPS/Itel_P55_5G'
I:Version number saved to '/cache/recovery/.version'
I:Unable to mount '/external_sd'
I:Actual block device: '', current file system: 'auto'
I:TWFunc::Set_Brightness: Setting brightness control to 600
I:PassBak: Found backup
I:PassBak: Loaded backup
I:Set page: 'decrypt_pattern'
I:Theme reloaded
I:Set page: 'trydecrypt'
I:operation_start: 'Decrypt'
Attempting to decrypt FBE for user 0...
Attempting to decrypt user
Handle is '31fd78b5db458c00'
password type: pattern
Using synthetic password method
Attempting to decrypt user's synthetic password
fscrypt::GetPassword_Token
Is_Weaver
using secdis to decrypt spblob
Attempting to unwrap synthetic password blob
spblob v2 / v3
Attempting to unlock user storage
Attempting to prepare user storage
SELinux: Loaded file_contexts
User 0 Decrypted Successfully!
Free_Return
User 0 Decrypted Successfully
I:All found users are decrypted.
Data successfully decrypted
I:Backup folder set to '/data/media/0/Fox/BACKUPS/Itel_P55_5G'
I:New storage path after decryption: /data/media/0
Updating partition details...
I:Data backup size is 13827MB, free: 89970MB.
...done
/data | /dev/block/dm-13 | Size: 111669MB Used: 13827MB Free: 89970MB Backup Size: 13827MB
   Flags: Can_Be_Mounted Can_Be_Wiped Can_Be_Backed_Up Wipe_During_Factory_Reset Wipe_Available_in_GUI IsPresent Can_Be_Encrypted Is_Encrypted Is_Decrypted Has_Data_Media Can_Encrypt_Backup Use_Userdata_Encryption Is_Storage Is_Settings_Storage 
   Symlink_Path: /data/media/0
   Symlink_Mount_Point: /sdcard
   Primary_Block_Device: /dev/block/sdc57
   Decrypted_Block_Device: /dev/block/dm-13
   Display_Name: Data
   Storage_Name: Internal Storage
   Backup_Path: /data
   Backup_Name: data
   Backup_Display_Name: Data
   Storage_Path: /data/media/0
   Current_File_System: f2fs
   Fstab_File_System: f2fs
   Backup_Method: files
   Mount_Flags: 1030, Mount_Options: discard,noflush_merge,fsync_mode=nobarrier,reserve_root=134217,resgid=1065,inlinecrypt
   MTP_Storage_ID: 65538
   Metadata Key Directory: /metadata/vold/metadata_encryption

tw_get_context got selinux context: u:object_r:media_rw_data_file:s0, file: /sdcard/Fox
I:Got default contexts and file mode for storage files.
I:Decrypt_Adopted: skipping adopted storage decryption on Android 12+
I:operation_end - status=0
I:Set page: 'main'
I:Set overlay: ''
I:Set page: 'clear_vars'
I:Set page: 'navbar'
I:Set page: 'filemanagerlist'
SELinux contexts loaded from /file_contexts
Full SELinux support is present.
I:Switching packages (OrangeFox)


Partition Logs:
/misc | /dev/block/sdc3 | Size: 0MB
   Flags: IsPresent 
   Primary_Block_Device: /dev/block/sdc3
   Display_Name: misc
   Storage_Name: misc
   Backup_Path: /misc
   Backup_Name: misc
   Backup_Display_Name: misc
   Storage_Path: /misc
   Current_File_System: emmc
   Fstab_File_System: emmc
   Backup_Method: dd

/cache | /dev/block/sdc56 | Size: 276MB Used: 1MB Free: 274MB Backup Size: 1MB
   Flags: Can_Be_Mounted Can_Be_Wiped Can_Be_Backed_Up Wipe_During_Factory_Reset Wipe_Available_in_GUI IsPresent 
   Primary_Block_Device: /dev/block/sdc56
   Display_Name: Cache
   Storage_Name: Cache
   Backup_Path: /cache
   Backup_Name: cache
   Backup_Display_Name: Cache
   Storage_Path: /cache
   Current_File_System: ext4
   Fstab_File_System: ext4
   Backup_Method: files
   Mount_Flags: 1030, Mount_Options: discard

/system_root | /dev/block/dm-3 | Size: 870MB Used: 870MB Free: 0MB Backup Size: 870MB
   Flags: Can_Be_Mounted IsPresent SlotSelect Mount_Read_Only Is_Super 
   Primary_Block_Device: /dev/block/dm-3
   Display_Name: System
   Storage_Name: System
   Backup_Path: /system_root
   Backup_Name: system
   Backup_Display_Name: System
   Storage_Path: /system_root
   Current_File_System: erofs
   Fstab_File_System: erofs
   Backup_Method: files

/vendor | /dev/block/dm-5 | Size: 821MB Used: 821MB Free: 0MB Backup Size: 821MB
   Flags: Can_Be_Mounted IsPresent SlotSelect Mount_Read_Only Is_Super 
   Primary_Block_Device: /dev/block/dm-5
   Display_Name: Vendor
   Storage_Name: Vendor
   Backup_Path: /vendor
   Backup_Name: vendor
   Backup_Display_Name: Vendor
   Storage_Path: /vendor
   Current_File_System: erofs
   Fstab_File_System: erofs
   Backup_Method: files

/product | /dev/block/dm-2 | Size: 799MB Used: 799MB Free: 0MB Backup Size: 799MB
   Flags: Can_Be_Mounted IsPresent SlotSelect Mount_Read_Only Is_Super 
   Primary_Block_Device: /dev/block/dm-2
   Display_Name: Product
   Storage_Name: Product
   Backup_Path: /product
   Backup_Name: Product
   Backup_Display_Name: Product
   Storage_Path: /product
   Current_File_System: erofs
   Fstab_File_System: erofs
   Backup_Method: files

/system_ext | /dev/block/dm-4 | Size: 1424MB Used: 1424MB Free: 0MB Backup Size: 1424MB
   Flags: Can_Be_Mounted IsPresent SlotSelect Mount_Read_Only Is_Super 
   Primary_Block_Device: /dev/block/dm-4
   Display_Name: System_EXT
   Storage_Name: System_EXT
   Backup_Path: /system_ext
   Backup_Name: System_EXT
   Backup_Display_Name: System_EXT
   Storage_Path: /system_ext
   Current_File_System: erofs
   Fstab_File_System: erofs
   Backup_Method: files

/tr_mi | /dev/block/dm-7 | Size: 0MB Used: 0MB Free: 0MB Backup Size: 0MB
   Flags: Can_Be_Mounted IsPresent SlotSelect Mount_Read_Only Is_Super 
   Primary_Block_Device: /dev/block/dm-7
   Display_Name: tr_mi
   Storage_Name: tr_mi
   Backup_Path: /tr_mi
   Backup_Name: tr_mi
   Backup_Display_Name: tr_mi
   Storage_Path: /tr_mi
   Current_File_System: ext4
   Fstab_File_System: erofs
   Backup_Method: files

/tr_theme | /dev/block/dm-8 | Size: 0MB Used: 0MB Free: 0MB Backup Size: 0MB
   Flags: Can_Be_Mounted IsPresent SlotSelect Mount_Read_Only Is_Super 
   Primary_Block_Device: /dev/block/dm-8
   Display_Name: tr_theme
   Storage_Name: tr_theme
   Backup_Path: /tr_theme
   Backup_Name: tr_theme
   Backup_Display_Name: tr_theme
   Storage_Path: /tr_theme
   Current_File_System: ext4
   Fstab_File_System: erofs
   Backup_Method: files

/tr_region | /dev/block/dm-10 | Size: 0MB Used: 0MB Free: 0MB Backup Size: 0MB
   Flags: Can_Be_Mounted IsPresent SlotSelect Mount_Read_Only Is_Super 
   Primary_Block_Device: /dev/block/dm-10
   Display_Name: tr_region
   Storage_Name: tr_region
   Backup_Path: /tr_region
   Backup_Name: tr_region
   Backup_Display_Name: tr_region
   Storage_Path: /tr_region
   Current_File_System: ext4
   Fstab_File_System: erofs
   Backup_Method: files

/tr_company | /dev/block/dm-11 | Size: 0MB Used: 0MB Free: 0MB Backup Size: 0MB
   Flags: Can_Be_Mounted IsPresent SlotSelect Mount_Read_Only Is_Super 
   Primary_Block_Device: /dev/block/dm-11
   Display_Name: tr_company
   Storage_Name: tr_company
   Backup_Path: /tr_company
   Backup_Name: tr_company
   Backup_Display_Name: tr_company
   Storage_Path: /tr_company
   Current_File_System: ext4
   Fstab_File_System: erofs
   Backup_Method: files

/tr_carrier | /dev/block/dm-12 | Size: 0MB Used: 0MB Free: 0MB Backup Size: 0MB
   Flags: Can_Be_Mounted IsPresent SlotSelect Mount_Read_Only Is_Super 
   Primary_Block_Device: /dev/block/dm-12
   Display_Name: tr_carrier
   Storage_Name: tr_carrier
   Backup_Path: /tr_carrier
   Backup_Name: tr_carrier
   Backup_Display_Name: tr_carrier
   Storage_Path: /tr_carrier
   Current_File_System: ext4
   Fstab_File_System: erofs
   Backup_Method: files

/tr_product | /dev/block/dm-6 | Size: 685MB Used: 685MB Free: 0MB Backup Size: 685MB
   Flags: Can_Be_Mounted IsPresent SlotSelect Mount_Read_Only Is_Super 
   Primary_Block_Device: /dev/block/dm-6
   Display_Name: tr_product
   Storage_Name: tr_product
   Backup_Path: /tr_product
   Backup_Name: tr_product
   Backup_Display_Name: tr_product
   Storage_Path: /tr_product
   Current_File_System: erofs
   Fstab_File_System: erofs
   Backup_Method: files

/tr_preload | /dev/block/dm-9 | Size: 1361MB Used: 1361MB Free: 0MB Backup Size: 1361MB
   Flags: Can_Be_Mounted IsPresent SlotSelect Mount_Read_Only Is_Super 
   Primary_Block_Device: /dev/block/dm-9
   Display_Name: tr_preload
   Storage_Name: tr_preload
   Backup_Path: /tr_preload
   Backup_Name: tr_preload
   Backup_Display_Name: tr_preload
   Storage_Path: /tr_preload
   Current_File_System: erofs
   Fstab_File_System: erofs
   Backup_Method: files

/boot | /dev/block/by-name/boot_a | Size: 40MB
   Flags: Can_Be_Backed_Up IsPresent Can_Flash_Img SlotSelect 
   Primary_Block_Device: /dev/block/by-name/boot
   Display_Name: Boot
   Storage_Name: Boot
   Backup_Path: /boot
   Backup_Name: boot
   Backup_Display_Name: Boot
   Storage_Path: /boot
   Current_File_System: emmc
   Fstab_File_System: emmc
   Backup_Method: dd

/boot_para | /dev/block/sdc1 | Size: 26MB
   Flags: IsPresent 
   Primary_Block_Device: /dev/block/sdc1
   Display_Name: boot_para
   Storage_Name: boot_para
   Backup_Path: /boot_para
   Backup_Name: boot_para
   Backup_Display_Name: boot_para
   Storage_Path: /boot_para
   Current_File_System: emmc
   Fstab_File_System: emmc
   Backup_Method: dd

/dpm | /dev/block/by-name/dpm_a | Size: 4MB
   Flags: IsPresent SlotSelect 
   Primary_Block_Device: /dev/block/by-name/dpm
   Display_Name: dpm
   Storage_Name: dpm
   Backup_Path: /dpm
   Backup_Name: dpm
   Backup_Display_Name: dpm
   Storage_Path: /dpm
   Current_File_System: emmc
   Fstab_File_System: emmc
   Backup_Method: dd

/dtbo | /dev/block/by-name/dtbo_a | Size: 8MB
   Flags: Can_Be_Backed_Up IsPresent Can_Flash_Img SlotSelect 
   Primary_Block_Device: /dev/block/by-name/dtbo
   Display_Name: Dtbo
   Storage_Name: Dtbo
   Backup_Path: /dtbo
   Backup_Name: dtbo
   Backup_Display_Name: Dtbo
   Storage_Path: /dtbo
   Current_File_System: emmc
   Fstab_File_System: emmc
   Backup_Method: dd

/expdb | /dev/block/sdc5 | Size: 40MB
   Flags: IsPresent 
   Primary_Block_Device: /dev/block/sdc5
   Display_Name: expdb
   Storage_Name: expdb
   Backup_Path: /expdb
   Backup_Name: expdb
   Backup_Display_Name: expdb
   Storage_Path: /expdb
   Current_File_System: emmc
   Fstab_File_System: emmc
   Backup_Method: dd

/external_sd |  | Size: 0MB Used: 0MB Free: 0MB Backup Size: 0MB
   Flags: Can_Be_Mounted Can_Be_Wiped Wipe_Available_in_GUI Removable Is_Storage 
   Primary_Block_Device: /dev/block/mmcblk0p1
   Alternate_Block_Device: /dev/block/mmcblk0
   Display_Name: Micro SDcard
   Storage_Name: Micro SDcard
   Backup_Path: /external_sd
   Backup_Name: external_sd
   Backup_Display_Name: Micro SDcard
   Storage_Path: /external_sd
   Current_File_System: auto
   Fstab_File_System: auto
   Backup_Method: files
   MTP_Storage_ID: 65537

/flashinfo | /dev/block/sdc58 | Size: 16MB
   Flags: IsPresent 
   Primary_Block_Device: /dev/block/sdc58
   Display_Name: flashinfo
   Storage_Name: flashinfo
   Backup_Path: /flashinfo
   Backup_Name: flashinfo
   Backup_Display_Name: flashinfo
   Storage_Path: /flashinfo
   Current_File_System: emmc
   Fstab_File_System: emmc
   Backup_Method: dd

/gz | /dev/block/by-name/gz_a | Size: 32MB
   Flags: IsPresent SlotSelect 
   Primary_Block_Device: /dev/block/by-name/gz
   Display_Name: gz
   Storage_Name: gz
   Backup_Path: /gz
   Backup_Name: gz
   Backup_Display_Name: gz
   Storage_Path: /gz
   Current_File_System: emmc
   Fstab_File_System: emmc
   Backup_Method: dd

/init_boot | /dev/block/by-name/init_boot_a | Size: 8MB
   Flags: Can_Be_Backed_Up IsPresent Can_Flash_Img SlotSelect 
   Primary_Block_Device: /dev/block/by-name/init_boot
   Display_Name: Init Boot
   Storage_Name: init_boot
   Backup_Path: /init_boot
   Backup_Name: init_boot
   Backup_Display_Name: Init Boot
   Storage_Path: /init_boot
   Current_File_System: emmc
   Fstab_File_System: emmc
   Backup_Method: dd

/lk | /dev/block/sdc29 | Size: 2MB
   Flags: Can_Be_Backed_Up IsPresent Can_Flash_Img 
   Primary_Block_Device: /dev/block/sdc29
   Display_Name: lk
   Storage_Name: lk
   Backup_Path: /lk
   Backup_Name: lk
   Backup_Display_Name: lk
   Storage_Path: /lk
   Current_File_System: emmc
   Fstab_File_System: emmc
   Backup_Method: dd

/lk2 | /dev/block/sdc46 | Size: 2MB
   Flags: Can_Be_Backed_Up IsPresent Can_Flash_Img 
   Primary_Block_Device: /dev/block/sdc46
   Display_Name: lk2
   Storage_Name: lk2
   Backup_Path: /lk2
   Backup_Name: lk2
   Backup_Display_Name: lk2
   Storage_Path: /lk2
   Current_File_System: emmc
   Fstab_File_System: emmc
   Backup_Method: dd

/logo | /dev/block/by-name/logo_a | Size: 8MB
   Flags: Can_Be_Backed_Up IsPresent Can_Flash_Img SlotSelect 
   Primary_Block_Device: /dev/block/by-name/logo
   Display_Name: Logo
   Storage_Name: Logo
   Backup_Path: /logo
   Backup_Name: logo
   Backup_Display_Name: Logo
   Storage_Path: /logo
   Current_File_System: emmc
   Fstab_File_System: emmc
   Backup_Method: dd

/mcupm | /dev/block/by-name/mcupm_a | Size: 1MB
   Flags: IsPresent SlotSelect 
   Primary_Block_Device: /dev/block/by-name/mcupm
   Display_Name: mcupm
   Storage_Name: mcupm
   Backup_Path: /mcupm
   Backup_Name: mcupm
   Backup_Display_Name: mcupm
   Storage_Path: /mcupm
   Current_File_System: emmc
   Fstab_File_System: emmc
   Backup_Method: dd

/md1img | /dev/block/by-name/md1img_a | Size: 200MB
   Flags: IsPresent SlotSelect 
   Primary_Block_Device: /dev/block/by-name/md1img
   Display_Name: md1img
   Storage_Name: md1img
   Backup_Path: /md1img
   Backup_Name: md1img
   Backup_Display_Name: md1img
   Storage_Path: /md1img
   Current_File_System: emmc
   Fstab_File_System: emmc
   Backup_Method: dd

/nvcfg | /dev/block/sdc7 | Size: 32MB
   Flags: Can_Be_Backed_Up IsPresent Can_Flash_Img 
   Primary_Block_Device: /dev/block/sdc7
   Display_Name: nvcfg
   Storage_Name: nvcfg
   Backup_Path: /nvcfg
   Backup_Name: nvcfg
   Backup_Display_Name: nvcfg
   Storage_Path: /nvcfg
   Current_File_System: emmc
   Fstab_File_System: emmc
   Backup_Method: dd

/nvdata | /dev/block/sdc8 | Size: 64MB
   Flags: Can_Be_Backed_Up IsPresent Can_Flash_Img 
   Primary_Block_Device: /dev/block/sdc8
   Display_Name: nvdata
   Storage_Name: nvdata
   Backup_Path: /nvdata
   Backup_Name: nvdata
   Backup_Display_Name: nvdata
   Storage_Path: /nvdata
   Current_File_System: emmc
   Fstab_File_System: emmc
   Backup_Method: dd

/nvram | /dev/block/sdc37 | Size: 65MB
   Flags: Can_Be_Backed_Up IsPresent Can_Flash_Img 
   Primary_Block_Device: /dev/block/sdc37
   Display_Name: nvram
   Storage_Name: nvram
   Backup_Path: /nvram
   Backup_Name: nvram
   Backup_Display_Name: nvram
   Storage_Path: /nvram
   Current_File_System: emmc
   Fstab_File_System: emmc
   Backup_Method: dd

/otp | /dev/block/sdc20 | Size: 48MB
   Flags: IsPresent 
   Primary_Block_Device: /dev/block/sdc20
   Display_Name: otp
   Storage_Name: otp
   Backup_Path: /otp
   Backup_Name: otp
   Backup_Display_Name: otp
   Storage_Path: /otp
   Current_File_System: emmc
   Fstab_File_System: emmc
   Backup_Method: dd

/para | /dev/block/sdc4 | Size: 0MB
   Flags: IsPresent 
   Primary_Block_Device: /dev/block/sdc4
   Display_Name: para
   Storage_Name: para
   Backup_Path: /para
   Backup_Name: para
   Backup_Display_Name: para
   Storage_Path: /para
   Current_File_System: emmc
   Fstab_File_System: emmc
   Backup_Method: dd

/persist | /dev/block/sdc16 | Size: 38MB Used: 0MB Free: 38MB Backup Size: 0MB
   Flags: Can_Be_Mounted Can_Be_Wiped Can_Be_Backed_Up IsPresent 
   Primary_Block_Device: /dev/block/sdc16
   Display_Name: Persist
   Storage_Name: Persist
   Backup_Path: /persist
   Backup_Name: persist
   Backup_Display_Name: Persist
   Storage_Path: /persist
   Current_File_System: ext4
   Fstab_File_System: ext4
   Backup_Method: files

/persistent | /dev/block/sdc6 | Size: 1MB
   Flags: IsPresent 
   Primary_Block_Device: /dev/block/sdc6
   Display_Name: persistent
   Storage_Name: persistent
   Backup_Path: /persistent
   Backup_Name: persistent
   Backup_Display_Name: persistent
   Storage_Path: /persistent
   Current_File_System: emmc
   Fstab_File_System: emmc
   Backup_Method: dd

/product_image | /dev/block/mapper/product_a | Size: 814MB
   Flags: Can_Be_Backed_Up IsPresent Can_Flash_Img SlotSelect 
   Primary_Block_Device: /dev/block/mapper/product
   Display_Name: Product Image
   Storage_Name: Product Image
   Backup_Path: /product_image
   Backup_Name: product_image
   Backup_Display_Name: Product Image
   Storage_Path: /product_image
   Current_File_System: emmc
   Fstab_File_System: emmc
   Backup_Method: dd

/proinfo | /dev/block/sdc2 | Size: 3MB
   Flags: Can_Be_Backed_Up IsPresent 
   Primary_Block_Device: /dev/block/sdc2
   Display_Name: proinfo
   Storage_Name: proinfo
   Backup_Path: /proinfo
   Backup_Name: proinfo
   Backup_Display_Name: proinfo
   Storage_Path: /proinfo
   Current_File_System: emmc
   Fstab_File_System: emmc
   Backup_Method: dd

/protect_f | /dev/block/sdc17 | Size: 8MB
   Flags: Can_Be_Backed_Up IsPresent Can_Flash_Img 
   Primary_Block_Device: /dev/block/sdc17
   Display_Name: protect_f
   Storage_Name: protect_f
   Backup_Path: /protect_f
   Backup_Name: protect_f
   Backup_Display_Name: protect_f
   Storage_Path: /protect_f
   Current_File_System: emmc
   Fstab_File_System: emmc
   Backup_Method: dd

/protect_s | /dev/block/sdc18 | Size: 8MB
   Flags: Can_Be_Backed_Up IsPresent Can_Flash_Img 
   Primary_Block_Device: /dev/block/sdc18
   Display_Name: protect_s
   Storage_Name: protect_s
   Backup_Path: /protect_s
   Backup_Name: protect_s
   Backup_Display_Name: protect_s
   Storage_Path: /protect_s
   Current_File_System: emmc
   Fstab_File_System: emmc
   Backup_Method: dd

/scp | /dev/block/by-name/scp_a | Size: 6MB
   Flags: IsPresent SlotSelect 
   Primary_Block_Device: /dev/block/by-name/scp
   Display_Name: scp
   Storage_Name: scp
   Backup_Path: /scp
   Backup_Name: scp
   Backup_Display_Name: scp
   Storage_Path: /scp
   Current_File_System: emmc
   Fstab_File_System: emmc
   Backup_Method: dd

/seccfg | /dev/block/sdc19 | Size: 8MB
   Flags: IsPresent 
   Primary_Block_Device: /dev/block/sdc19
   Display_Name: seccfg
   Storage_Name: seccfg
   Backup_Path: /seccfg
   Backup_Name: seccfg
   Backup_Display_Name: seccfg
   Storage_Path: /seccfg
   Current_File_System: emmc
   Fstab_File_System: emmc
   Backup_Method: dd

/spmfw | /dev/block/by-name/spmfw_a | Size: 1MB
   Flags: IsPresent SlotSelect 
   Primary_Block_Device: /dev/block/by-name/spmfw
   Display_Name: spmfw
   Storage_Name: spmfw
   Backup_Path: /spmfw
   Backup_Name: spmfw
   Backup_Display_Name: spmfw
   Storage_Path: /spmfw
   Current_File_System: emmc
   Fstab_File_System: emmc
   Backup_Method: dd

/sspm | /dev/block/by-name/sspm_a | Size: 1MB
   Flags: IsPresent SlotSelect 
   Primary_Block_Device: /dev/block/by-name/sspm
   Display_Name: sspm
   Storage_Name: sspm
   Backup_Path: /sspm
   Backup_Name: sspm
   Backup_Display_Name: sspm
   Storage_Path: /sspm
   Current_File_System: emmc
   Fstab_File_System: emmc
   Backup_Method: dd

/system_ext_image | /dev/block/mapper/system_ext_a | Size: 1451MB
   Flags: Can_Be_Backed_Up IsPresent Can_Flash_Img SlotSelect 
   Primary_Block_Device: /dev/block/mapper/system_ext
   Display_Name: System_ext Image
   Storage_Name: System_ext Image
   Backup_Path: /system_ext_image
   Backup_Name: system_ext_image
   Backup_Display_Name: System_ext Image
   Storage_Path: /system_ext_image
   Current_File_System: emmc
   Fstab_File_System: emmc
   Backup_Method: dd

/system_image | /dev/block/mapper/system_a | Size: 886MB
   Flags: Can_Be_Backed_Up IsPresent Can_Flash_Img SlotSelect 
   Primary_Block_Device: /dev/block/mapper/system
   Display_Name: System Image
   Storage_Name: System Image
   Backup_Path: /system_image
   Backup_Name: system_image
   Backup_Display_Name: System Image
   Storage_Path: /system_image
   Current_File_System: emmc
   Fstab_File_System: emmc
   Backup_Method: dd

/tee | /dev/block/by-name/tee_a | Size: 5MB
   Flags: IsPresent SlotSelect 
   Primary_Block_Device: /dev/block/by-name/tee
   Display_Name: tee
   Storage_Name: tee
   Backup_Path: /tee
   Backup_Name: tee
   Backup_Display_Name: tee
   Storage_Path: /tee
   Current_File_System: emmc
   Fstab_File_System: emmc
   Backup_Method: dd

/tkv | /dev/block/by-name/tkv_a | Size: 1MB
   Flags: IsPresent SlotSelect 
   Primary_Block_Device: /dev/block/by-name/tkv
   Display_Name: tkv
   Storage_Name: tkv
   Backup_Path: /tkv
   Backup_Name: tkv
   Backup_Display_Name: tkv
   Storage_Path: /tkv
   Current_File_System: emmc
   Fstab_File_System: emmc
   Backup_Method: dd

/vbmeta | /dev/block/by-name/vbmeta_a | Size: 8MB
   Flags: Can_Be_Backed_Up IsPresent Can_Flash_Img SlotSelect 
   Primary_Block_Device: /dev/block/by-name/vbmeta
   Display_Name: Vbmeta
   Storage_Name: Vbmeta
   Backup_Path: /vbmeta
   Backup_Name: vbmeta
   Backup_Display_Name: Vbmeta
   Storage_Path: /vbmeta
   Current_File_System: emmc
   Fstab_File_System: emmc
   Backup_Method: dd

/vbmeta_system | /dev/block/by-name/vbmeta_system_a | Size: 8MB
   Flags: Can_Be_Backed_Up IsPresent Can_Flash_Img SlotSelect 
   Primary_Block_Device: /dev/block/by-name/vbmeta_system
   Display_Name: Vbmeta_system
   Storage_Name: Vbmeta_system
   Backup_Path: /vbmeta_system
   Backup_Name: vbmeta_system
   Backup_Display_Name: Vbmeta_system
   Storage_Path: /vbmeta_system
   Current_File_System: emmc
   Fstab_File_System: emmc
   Backup_Method: dd

/vbmeta_vendor | /dev/block/by-name/vbmeta_vendor_a | Size: 8MB
   Flags: Can_Be_Backed_Up IsPresent Can_Flash_Img SlotSelect 
   Primary_Block_Device: /dev/block/by-name/vbmeta_vendor
   Display_Name: Vbmeta_vendor
   Storage_Name: Vbmeta_vendor
   Backup_Path: /vbmeta_vendor
   Backup_Name: vbmeta_vendor
   Backup_Display_Name: Vbmeta_vendor
   Storage_Path: /vbmeta_vendor
   Current_File_System: emmc
   Fstab_File_System: emmc
   Backup_Method: dd

/vendor_boot | /dev/block/by-name/vendor_boot_a | Size: 64MB
   Flags: Can_Be_Backed_Up IsPresent Can_Flash_Img SlotSelect 
   Primary_Block_Device: /dev/block/by-name/vendor_boot
   Display_Name: Vendor Boot
   Storage_Name: Vendor Boot
   Backup_Path: /vendor_boot
   Backup_Name: vendor_boot
   Backup_Display_Name: Vendor Boot
   Storage_Path: /vendor_boot
   Current_File_System: emmc
   Fstab_File_System: emmc
   Backup_Method: dd

/vendor_image | /dev/block/mapper/vendor_a | Size: 851MB
   Flags: Can_Be_Backed_Up IsPresent Can_Flash_Img SlotSelect 
   Primary_Block_Device: /dev/block/mapper/vendor
   Display_Name: Vendor Image
   Storage_Name: Vendor Image
   Backup_Path: /vendor_image
   Backup_Name: vendor_image
   Backup_Display_Name: Vendor Image
   Storage_Path: /vendor_image
   Current_File_System: emmc
   Fstab_File_System: emmc
   Backup_Method: dd

/metadata | /dev/block/sdc15 | Size: 26MB Used: 0MB Free: 26MB Backup Size: 0MB
   Flags: Can_Be_Mounted Can_Be_Wiped Wipe_Available_in_GUI IsPresent 
   Primary_Block_Device: /dev/block/sdc15
   Display_Name: Metadata
   Storage_Name: Metadata
   Backup_Path: /metadata
   Backup_Name: metadata
   Backup_Display_Name: Metadata
   Storage_Path: /metadata
   Current_File_System: ext4
   Fstab_File_System: ext4
   Backup_Method: files
   Mount_Flags: 1030, Mount_Options: discard

/data | /dev/block/dm-13 | Size: 111669MB Used: 13827MB Free: 89970MB Backup Size: 13827MB
   Flags: Can_Be_Mounted Can_Be_Wiped Can_Be_Backed_Up Wipe_During_Factory_Reset Wipe_Available_in_GUI IsPresent Can_Be_Encrypted Is_Encrypted Is_Decrypted Has_Data_Media Can_Encrypt_Backup Use_Userdata_Encryption Is_Storage Is_Settings_Storage 
   Symlink_Path: /data/media/0
   Symlink_Mount_Point: /sdcard
   Primary_Block_Device: /dev/block/sdc57
   Decrypted_Block_Device: /dev/block/dm-13
   Display_Name: Data
   Storage_Name: Internal Storage
   Backup_Path: /data
   Backup_Name: data
   Backup_Display_Name: Data
   Storage_Path: /data/media/0
   Current_File_System: f2fs
   Fstab_File_System: f2fs
   Backup_Method: files
   Mount_Flags: 1030, Mount_Options: discard,noflush_merge,fsync_mode=nobarrier,reserve_root=134217,resgid=1065,inlinecrypt
   MTP_Storage_ID: 65538
   Metadata Key Directory: /metadata/vold/metadata_encryption

/super | /dev/block/by-name/super | Size: 8840MB
   Flags: Can_Be_Backed_Up IsPresent Can_Flash_Img 
   Alternate_Block_Device: /dev/block/by-name/super
   Display_Name: super
   Backup_Path: /super
   Backup_Name: super
   Backup_Display_Name: Super (system vendor product system_ext)
   Current_File_System: emmc
   Backup_Method: dd

I:Attempt to load settings from settings file...
I:InfoManager loading from '/sdcard/Fox/.foxs'.
I:Backup folder set to '/data/media/0/Fox/BACKUPS/Itel_P55_5G'
I:Version number saved to '/cache/recovery/.version'
I:Unable to mount '/external_sd'
I:Actual block device: '', current file system: 'auto'
I:TWFunc::Set_Brightness: Setting brightness control to 600
I:PassBak: Found backup
I:PassBak: Loaded backup
--------------------------
Welcome to OrangeFox Recovery!
[Release]   : R11.3
[Variant]   : default
[Codebase]  : 32, 2025-04-08 (2d91f842)
[Build date]: Tue Apr  8 16:55:35 2025
[Build type]: Stable
[Support]   : https://t.me/OrangeFoxChat

OrangeFox websites:
[Downloads] : https://orangefox.download/
[Guides/FAQ]: https://wiki.orangefox.tech/guides/
I: [MIUI-specific features not enabled]
--------------------------
I:DEBUG: OrangeFox: the startup script has been executed.
* Storage is encrypted
* Platform:   P661N
* Device:     P661N (P661N)
* Dynamic:    yes
* Boot slot:  _a
* Virtual_AB: yes
* Kernel:     5.10.209-android12-9-00021-g591df1b05194-ab12385099
* Custom ROM (SDK:33, Android 13)
* ITEL-T-64-ARMV82-250103V460
* (250106V571)
* Fingerprint: Itel/P661N-GL/itel-P661N:12/SP1A.210812.016/250106V571:user/release-keys
--------------------------
I:ROM Status: ITEL-T-64-ARMV82-250103V460
I:Themes version: 1.1
I:ADB & MTP disabled by maintainer
I:Attempt to load settings from settings file...
I:InfoManager loading from '/sdcard/Fox/.foxs'.
I:Backup folder set to '/data/media/0/Fox/BACKUPS/Itel_P55_5G'
I:Version number saved to '/cache/recovery/.version'
I:Unable to mount '/external_sd'
I:Actual block device: '', current file system: 'auto'
I:TWFunc::Set_Brightness: Setting brightness control to 600
I:PassBak: Found backup
I:PassBak: Loaded backup
I:PassBak: Loaded backup
I:PageManager::LoadFileToBuffer loading filename: '/twres/languages/en.xml' directly
parsing languageFile
parsing languageFile done
I:Translating partition display names
I:Backup folder set to '/data/media/0/Fox/BACKUPS/Itel_P55_5G'
I:InfoManager saving '/persist/.foxs'
I:Saved settings file values to /persist/.foxs
I:Starting Adb Backup FIFO
I:PassBak: Created backup
I:InfoManager saving '/sdcard/Fox/.foxs'
I:Saved settings file values to '/sdcard/Fox/.foxs'
I:Switching packages (OrangeFox)
I:Set page: 'reapply_settings'
I:Loading package: OrangeFox (/sdcard/Fox/theme/ui.zip)
I:Loading zip theme
I:Failed to load package '/sdcard/Fox/theme/ui.zip'.
I:Attempting to reload stock theme...
I:Loading package: OrangeFox (/twres/ui.xml)
I:Load XML directly
I:PageManager::LoadFileToBuffer loading filename: '/twres/languages/zn_TW.xml' directly
I:PageManager::LoadFileToBuffer loading filename: '/twres/languages/zh_CN.xml' directly
I:PageManager::LoadFileToBuffer loading filename: '/twres/languages/ua.xml' directly
I:PageManager::LoadFileToBuffer loading filename: '/twres/languages/tr.xml' directly
I:PageManager::LoadFileToBuffer loading filename: '/twres/languages/ru.xml' directly
I:PageManager::LoadFileToBuffer loading filename: '/twres/languages/ro.xml' directly
I:PageManager::LoadFileToBuffer loading filename: '/twres/languages/pt_PT.xml' directly
I:PageManager::LoadFileToBuffer loading filename: '/twres/languages/pl.xml' directly
I:PageManager::LoadFileToBuffer loading filename: '/twres/languages/it.xml' directly
I:PageManager::LoadFileToBuffer loading filename: '/twres/languages/id.xml' directly
I:PageManager::LoadFileToBuffer loading filename: '/twres/languages/hu.xml' directly
I:PageManager::LoadFileToBuffer loading filename: '/twres/languages/fr.xml' directly
I:PageManager::LoadFileToBuffer loading filename: '/twres/languages/es-ES.xml' directly
I:PageManager::LoadFileToBuffer loading filename: '/twres/languages/en.xml' directly
I:PageManager::LoadFileToBuffer loading filename: '/twres/languages/el.xml' directly
I:PageManager::LoadFileToBuffer loading filename: '/twres/languages/de.xml' directly
I:PageManager::LoadFileToBuffer loading filename: '/twres/languages/cs.xml' directly
I:PageManager::LoadFileToBuffer loading filename: '/twres/languages/en.xml' directly
parsing languageFile
parsing languageFile done
I:PageManager::LoadFileToBuffer loading filename: '/twres/ui.xml' directly
I:Checking resolution...
I:Scaling theme width 0.666667x and height 0.671667x, offsets x: 0 y: 0 w: 0 h: 0
I:Loading resources...
I:Loading variables...
I:Loading mouse cursor...
I:Loading pages...
I:Including file: /sdcard/Fox/.navbar/navbar.xml...
I:PageManager::LoadFileToBuffer loading filename: '/sdcard/Fox/.navbar/navbar.xml' directly
I:Loading resources...
I:Loading variables...
I:Loading mouse cursor...
I:Loading pages...
I:Including file: /sdcard/Fox/.theme/font.xml...
I:PageManager::LoadFileToBuffer loading filename: '/sdcard/Fox/.theme/font.xml' directly
I:PageManager::LoadFileToBuffer loading filename: '/twres/themes/font.xml' directly
I:Loading resources...
I:Loading variables...
I:Loading mouse cursor...
I:Loading pages...
I:Including file: /sdcard/Fox/.theme/style.xml...
I:PageManager::LoadFileToBuffer loading filename: '/sdcard/Fox/.theme/style.xml' directly
I:PageManager::LoadFileToBuffer loading filename: '/twres/themes/style.xml' directly
I:Loading resources...
I:Failed to load image from Default/Progress/indeterminate033, error -1
I:Loading variables...
I:Loading mouse cursor...
I:Loading pages...
I:Including file: /sdcard/Fox/.theme/accent.xml...
I:PageManager::LoadFileToBuffer loading filename: '/sdcard/Fox/.theme/accent.xml' directly
I:PageManager::LoadFileToBuffer loading filename: '/twres/themes/accent.xml' directly
I:Loading resources...
I:Loading variables...
I:Loading mouse cursor...
I:Loading pages...
I:Including file: /sdcard/Fox/.theme/action.xml...
I:PageManager::LoadFileToBuffer loading filename: '/sdcard/Fox/.theme/action.xml' directly
I:PageManager::LoadFileToBuffer loading filename: '/twres/themes/action.xml' directly
I:Loading resources...
I:Loading variables...
I:Loading mouse cursor...
I:Loading pages...
I:Including file: /twres/resources/images.xml...
I:PageManager::LoadFileToBuffer loading filename: '/twres/resources/images.xml' directly
I:Loading resources...
I:Loading variables...
I:Loading mouse cursor...
I:Loading pages...
I:Including file: /twres/resources/vars.xml...
I:PageManager::LoadFileToBuffer loading filename: '/twres/resources/vars.xml' directly
I:Loading resources...
I:Loading variables...
I:Loading mouse cursor...
I:Loading pages...
I:Including file: /twres/resources/styles.xml...
I:PageManager::LoadFileToBuffer loading filename: '/twres/resources/styles.xml' directly
I:Loading resources...
I:Loading variables...
I:Loading mouse cursor...
I:Loading pages...
I:Including file: /twres/pages/templates/base.xml...
I:PageManager::LoadFileToBuffer loading filename: '/twres/pages/templates/base.xml' directly
I:Loading resources...
I:Loading variables...
I:Loading mouse cursor...
I:Loading pages...
I:Including file: /twres/pages/templates/keyboard.xml...
I:PageManager::LoadFileToBuffer loading filename: '/twres/pages/templates/keyboard.xml' directly
I:Loading resources...
I:Loading variables...
I:Loading mouse cursor...
I:Loading pages...
I:Including file: /twres/pages/templates/navbar.xml...
I:PageManager::LoadFileToBuffer loading filename: '/twres/pages/templates/navbar.xml' directly
I:Loading resources...
I:Loading variables...
I:Loading mouse cursor...
I:Loading pages...
I:Including file: /twres/pages/templates/statusbar.xml...
I:PageManager::LoadFileToBuffer loading filename: '/twres/pages/templates/statusbar.xml' directly
I:Loading resources...
I:Loading variables...
I:Loading mouse cursor...
I:Loading pages...
I:Including file: /twres/pages/templates/templates.xml...
I:PageManager::LoadFileToBuffer loading filename: '/twres/pages/templates/templates.xml' directly
I:Loading resources...
I:Loading variables...
I:Loading mouse cursor...
I:Loading pages...
I:Including file: /twres/pages/main.xml...
I:PageManager::LoadFileToBuffer loading filename: '/twres/pages/main.xml' directly
I:Loading resources...
I:Loading variables...
I:Loading mouse cursor...
I:Loading pages...
I:Loading page main
I:Loading page navbar
I:Loading page welcome
I:Loading page aroma_busy
I:Loading page fastboot
I:Including file: /twres/pages/pass.xml...
I:PageManager::LoadFileToBuffer loading filename: '/twres/pages/pass.xml' directly
I:Loading resources...
I:Loading variables...
I:Loading mouse cursor...
I:Loading pages...
I:Loading page password_enter
I:Loading page password_enter_num
I:Loading page password_enter_pattern
I:Loading page password_check
I:Loading page pass_pattern
I:Loading page pass_pattern_2
I:Loading page pass_text
I:Loading page pass_text_2
I:Loading page pass_pin
I:Loading page pass_pin_2
I:Loading page pass_remove
I:Loading page pass_check
I:Including file: /twres/pages/install.xml...
I:PageManager::LoadFileToBuffer loading filename: '/twres/pages/install.xml' directly
I:Loading resources...
I:Loading variables...
I:Loading mouse cursor...
I:Loading pages...
I:Loading page flash_confirm
I:Loading page fox_modules_confirm
I:Loading page queueview
I:Loading page flash_image_confirm
I:Loading page flash_image_ab
I:Loading page add_zip
I:Loading page flash_zip
I:Loading page flash_image
I:Loading page flash_done
I:Loading page flash_sleep_and_reboot
I:Loading page flash_image_done
I:Including file: /twres/pages/wipe.xml...
I:PageManager::LoadFileToBuffer loading filename: '/twres/pages/wipe.xml' directly
I:Loading resources...
I:Loading variables...
I:Loading mouse cursor...
I:Loading pages...
I:Loading page wipe
I:Loading page formatdata
I:Loading page formatdata_confirm
I:Loading page wipe_confirm_action
I:Loading page wipe_action_page
I:Loading page wipe_action_complete
I:Loading page checkpartitionlist
I:Loading page partitionoptions
I:Loading page refreshfilesystem
I:Loading page selectfilesystem
I:Loading page part_options
I:Including file: /twres/pages/backup.xml...
I:PageManager::LoadFileToBuffer loading filename: '/twres/pages/backup.xml' directly
I:Loading resources...
I:Loading variables...
I:Loading mouse cursor...
I:Loading pages...
I:Loading page backup
I:Loading page check_storage_back
I:Loading page backup_prep
I:Loading page backupname
I:Loading page backupname_auto
I:Loading page backup_encryption
I:Loading page backup_encryption2
I:Loading page checkbackuppassword
I:Loading page checkbackuppassword2
I:Loading page backup_run
I:Loading page backup_digest
I:Loading page backup_action_complete
I:Including file: /twres/pages/restore.xml...
I:PageManager::LoadFileToBuffer loading filename: '/twres/pages/restore.xml' directly
I:Loading resources...
I:Loading variables...
I:Loading mouse cursor...
I:Loading pages...
I:Loading page restore
I:Loading page restore_prep
I:Loading page restore_read
I:Loading page restore_decrypt
I:Loading page try_restore_decrypt
I:Loading page restore_select
I:Loading page renamebackup
I:Loading page deletebackup
I:Loading page restore_run
I:Loading page restore_confirm_action
I:Loading page restore_action_page
I:Loading page restore_action_complete
I:Including file: /twres/pages/mount.xml...
I:PageManager::LoadFileToBuffer loading filename: '/twres/pages/mount.xml' directly
I:Loading resources...
I:Loading variables...
I:Loading mouse cursor...
I:Loading pages...
I:Loading page mount
I:Loading page usb_mount
I:Loading page system_readonly_check
I:Loading page system_readonly_check_ext_context
I:Loading page system_readonly
I:Loading page system_readonly_mount
I:Loading page decrypt
I:Loading page decrypt_pin
I:Loading page decrypt_pattern
I:Loading page decrypt_redirect
I:Loading page trydecrypt
I:Loading page reapply_settings
I:Loading page decrypt_users
I:Loading page decrypt_users2
I:Including file: /twres/pages/files.xml...
I:PageManager::LoadFileToBuffer loading filename: '/twres/pages/files.xml' directly
I:Loading resources...
I:Loading variables...
I:Loading mouse cursor...
I:Loading pages...
I:Loading page filemanagerlist
I:Loading page file_quick_actions
I:Loading page file_quick_actions_dark
I:Loading page select_path
I:Loading page select_path_dark
I:Loading page files_mkdir
I:Loading page fm_multiselection
I:Loading page fm_ms_actions
I:Loading page file_search
I:Loading page file_dark_search
I:Loading page files_redirect
I:Loading page files_bookmarks_prepare
I:Loading page files_bookmarks
I:Loading page filemanageroptions
I:Loading page openas
I:Loading page fm_file_checksum
I:Loading page fm_file_checksum_calc
I:Loading page fm_file_info
I:Loading page choosedestinationfolder
I:Loading page filemanagerrenamefile
I:Loading page filemanagerrenamefolder
I:Loading page filemanagerchmod
I:Loading page filemanagerchmod_key
I:Loading page filemanagerconfirm
I:Loading page archive_confirm
I:Loading page archive_cmd
I:Loading page filemanageraction
I:Loading page filemanagercomplete
I:Loading page cat_file
I:Including file: /twres/pages/rmmanager.xml...
I:PageManager::LoadFileToBuffer loading filename: '/twres/pages/rmmanager.xml' directly
I:Loading resources...
I:Loading variables...
I:Loading mouse cursor...
I:Loading pages...
I:Loading page modules_mount
I:Loading page modules_unmount
I:Loading page root_modules
I:Loading page module_actions
I:Loading page module_delete
I:Including file: /twres/pages/advanced.xml...
I:PageManager::LoadFileToBuffer loading filename: '/twres/pages/advanced.xml' directly
I:Loading resources...
I:Loading variables...
I:Loading mouse cursor...
I:Loading pages...
I:Loading page advanced
I:Loading page mod_survival
I:Loading page mod_magisk
I:Loading page mod_unmagisk
I:Loading page mod_reset
I:Loading page mod_pass
I:Loading page fox_modules
I:Loading page partsdcard
I:Loading page terminal
I:Loading page sideload
I:Loading page fixcontexts
I:Loading page apps_load
I:Loading page apps_list
I:Unable to open '/tmp/listapps/list'
I:Unable to open '/tmp/listapps/list'
I:Including file: /twres/pages/reboot.xml...
I:PageManager::LoadFileToBuffer loading filename: '/twres/pages/reboot.xml' directly
I:Loading resources...
I:Loading variables...
I:Loading mouse cursor...
I:Loading pages...
I:Loading page reboot
I:Loading page set_slot
I:Including file: /twres/pages/settings.xml...
I:PageManager::LoadFileToBuffer loading filename: '/twres/pages/settings.xml' directly
I:Loading resources...
I:Loading variables...
I:Loading mouse cursor...
I:Loading pages...
I:Loading page settings
I:Loading page ext_context
I:Loading page ext_general
I:Loading page pass_select
I:Loading page ext_screen
I:Loading page ext_vibrate
I:Loading page ext_backup
I:Loading page ext_time
I:Loading page ext_time_offset
I:Loading page check_zone
I:Loading page ext_time_lang
I:Loading page ext_time_lang_busy
I:Loading page about
I:Loading page about_credits
I:Parsing file: /twres/credits.txt
I:Parsing file: /twres/translators.txt
I:Parsing file: /twres/changelog.txt
I:Loading page ext_gov
I:Loading page ext_backup_quick
I:Including file: /twres/pages/universal.xml...
I:PageManager::LoadFileToBuffer loading filename: '/twres/pages/universal.xml' directly
I:Loading resources...
I:Loading variables...
I:Loading mouse cursor...
I:Loading pages...
I:Loading page filecheck
I:Loading page rebootcheck
I:Loading page rebootcheckoverlay
I:Loading page no_os_warning
I:Loading page clear_vars
I:Loading page confirm_action
I:Loading page action_page
I:Loading page ota_simple
I:Loading page singleaction_page
I:Loading page action_complete
I:Including file: /twres/pages/anywhere.xml...
I:PageManager::LoadFileToBuffer loading filename: '/twres/pages/anywhere.xml' directly
I:Loading resources...
I:Loading variables...
I:Loading mouse cursor...
I:Loading pages...
I:Loading page lock
I:Loading page console
I:Including file: /twres/pages/dialogs.xml...
I:PageManager::LoadFileToBuffer loading filename: '/twres/pages/dialogs.xml' directly
I:Loading resources...
I:Loading variables...
I:Loading mouse cursor...
I:Loading pages...
I:Loading page menu
I:Loading page menu_sort
I:Loading page fm_sort
I:Loading page dialog_magisk_not_found
I:Loading page dialog_modules_cannot_mount
I:Loading page dialog_reset_average
I:Loading page dialog_lost_info
I:Loading page dialog_app
I:Loading page dialog_error_partition
I:Loading page pass_error
I:Loading page dialog_enable_hw_mode
I:Including file: /twres/pages/customization.xml...
I:PageManager::LoadFileToBuffer loading filename: '/twres/pages/customization.xml' directly
I:Loading resources...
I:Loading variables...
I:Loading mouse cursor...
I:Loading pages...
I:Loading page ext_custom_reset
I:Loading page ext_custom_gest
I:Loading page ext_custom
I:Loading page ext_custom_status
I:Loading page ext_custom_key
I:Loading page ext_custom_lock
I:Loading page ext_custom_nav
I:Loading page ext_custom_other
I:Loading page ext_custom_nav_error
I:Loading page ext_custom_nav_no_switch
I:Loading page ext_custom_fonts_check
I:Loading page ext_custom_fonts
I:Loading page ext_custom_fonts_sec
I:Loading page ext_custom_fonts_size
I:Loading page ext_custom_fonts_cn
I:Loading page ext_custom_theme
I:Loading page ext_custom_splash
I:Loading page ext_custom_splash_color
I:Loading page ext_custom_splash_logo
I:Loading page ext_custom_splash_select
I:Loading page apply_changes
I:Loading page apply_splash
I:Loading page get_splash_info
I:Including file: /twres/pages/fox.xml...
I:PageManager::LoadFileToBuffer loading filename: '/twres/pages/fox.xml' directly
I:Loading resources...
I:Loading variables...
I:Loading mouse cursor...
I:Loading pages...
I:Loading page fox_ota
I:Loading page fox_ota_lite
I:Loading page fox_lab
I:Loading page debug_pages
I:Loading page debug
I:Loading page debug_plus
I:Loading page scaling
I:Including file: /sbin/maintainer.xml...
I:PageManager::LoadFileToBuffer loading filename: '/sbin/maintainer.xml' directly
I:PageManager::LoadFileToBuffer loading filename: '/twres/pages/dummy.xml' directly
I:Loading resources...
I:Loading variables...
I:Loading mouse cursor...
I:Loading pages...
I:Loading page maintainer
I:Switching packages (OrangeFox)
I:Attempt to load settings from settings file...
I:InfoManager loading from '/sdcard/Fox/.foxs'.
I:Backup folder set to '/data/media/0/Fox/BACKUPS/Itel_P55_5G'
I:Version number saved to '/cache/recovery/.version'
I:Unable to mount '/external_sd'
I:Actual block device: '', current file system: 'auto'
I:TWFunc::Set_Brightness: Setting brightness control to 600
I:PassBak: Found backup
I:PassBak: Loaded backup
I:Set page: 'main'
I:operation_start: 'Start MTP'
I:[MTP] Starting MTP
I:sending message to add 65538 '/data/media/0' 'Internal Storage'
I:Message sent, add storage ID: 65538 '/data/media/0'
I:operation_end - status=0
I:Set overlay: ''
I:operation_start: 'ADB'
I:Set page: 'clear_vars'
I:Set page: 'navbar'
I:Set page: 'filemanagerlist'
I:Theme reloaded
I:operation_end - status=0
I:[MTP] created new mtpserver object
I:[MTP] mtppipe add storage 65538 '/data/media/0'
I:Set page: 'filemanagerlist'
I:Set page: 'files_redirect'
I:Set page: 'flash_confirm'
I:Set page: 'flash_zip'
I:operation_start: 'Flashing'
Installing ZIP file '/sdcard/Download/PBRP-P661N-4.0-20250909-1446-UNOFFICIAL.zip'
I:Update binary zip
I:Extracting updater binary 'META-INF/com/google/android/update-binary'
Detecting Current Package
I:Zip does not contain SELinux file_contexts file in its root.
|---------------------------------------------|
|---------------------------------------------|
|---------PitchBlack Recovery Project---------|
|-------------------v4.0----------------------|
|---------------------------------------------|
|---------------------------------------------|
|--------------Brought To You By--------------|
|---------------------------------------------|
|---------------PitchBlack Team---------------|
|---------------------------------------------|
|---------------------------------------------|
|           Based on TWRP v3.7.1_x            |
|---------------------------------------------|
|-----------Unpacking the installer-----------|
Archive:  /sdcard/Download/PBRP-P661N-4.0-20250909-1446-UNOFFICIAL.zip
  inflating: /dev/tmp/twrp-install/magiskboot
  inflating: /dev/tmp/twrp-install/PBRP/tools/magiskmanagerrecovery.zip
  inflating: /dev/tmp/twrp-install/META-INF/com/google/android/update-binary
  inflating: /dev/tmp/twrp-install/PBRP/tools/rmpass.zip
  inflating: /dev/tmp/twrp-install/PBRP/tools/unrootmagisk.zip
  inflating: /dev/tmp/twrp-install/PBRP/tools/appdel.zip
  inflating: /dev/tmp/twrp-install/PBRP/tools/alloverlays.zip
  inflating: /dev/tmp/twrp-install/PBRP/tools/mtp.zip
  inflating: /dev/tmp/twrp-install/PBRP/tools/overlays.zip
  inflating: /dev/tmp/twrp-install/META-INF/awk
  inflating: /dev/tmp/twrp-install/META-INF/com/google/android/update-script
  inflating: /dev/tmp/twrp-install/recovery.img
  inflating: /dev/tmp/twrp-install/META-INF/keycheck
  inflating: /dev/tmp/twrp-install/PBRP/tools/magiskmanagerrecoverycli.zip
  inflating: /dev/tmp/twrp-install/PBRP/tools/noverity.zip
  inflating: /dev/tmp/twrp-install/PBRP/tools/enablehal3.zip
  inflating: /dev/tmp/twrp-install/PBRP/tools/fpscan.zip
  inflating: /dev/tmp/twrp-install/PBRP/tools/magisk.zip
|---------------------------------------------|
|- Target partition: vendor_boot -|
|------------Doing Work on slot _a------------|
|------------Doing Work on slot _b------------|
|---------------------------------------------|
|------------Unpacking The Tools--------------|
|--------Finished Unpacking The Tools---------|
|---------------------------------------------|
|---------------------------------------------|
|---------------------------------------------|
|---------------------------------------------|
|                  Thank You                  |
|   Reboot to PitchBlack Recovery Manually    |
|---------------------------------------------|
/tmp/updater: line 21: /proc/self/fd/90: No such file or directory
|------------Installation finished!-----------|
I:Process ended with no errors.
I:Install took 6 second(s).
I:OrangeFox: installed standard zip: /sdcard/Download/PBRP-P661N-4.0-20250909-1446-UNOFFICIAL.zip
I:flash_zip: installer code = 0
Updating partition details...
I:Data backup size is 13827MB, free: 89949MB.
...done
I:Set page: 'flash_done'
I:operation_end - status=0
I:Set page: 'main'
I:Set overlay: ''
I:Set page: 'clear_vars'
I:Set page: 'navbar'
I:Set page: 'filemanagerlist'
I:Set page: 'advanced'
I:Set overlay: 'reboot'
I:Set page: 'rebootcheckoverlay'
Rebooting...
I:InfoManager saving '/persist/.foxs'
I:Saved settings file values to /persist/.foxs
I:PassBak: Created backup
I:InfoManager saving '/sdcard/Fox/.foxs'
I:Saved settings file values to '/sdcard/Fox/.foxs'
